﻿{"version":1,"keyboard":{"keys":[{"id":0,"legend":"RESET\nBREAK","state":{"x":0.25,"y":0,"r":0,"rx":0,"ry":0,"w":1,"h":0.75,"x2":0,"y2":0,"w2":0,"h2":0,"t":"#8f0000","f":1},"row":4,"col":5,"keycodes":[{"id":"KC_PAUS","fields":[]},{"id":"KC_TRNS","fields":[]},{"id":"KC_TRNS","fields":[]},{"id":"KC_TRNS","fields":[]},{"id":"KC_TRNS","fields":[]},{"id":"KC_TRNS","fields":[]},{"id":"KC_TRNS","fields":[]},{"id":"KC_TRNS","fields":[]},{"id":"KC_TRNS","fields":[]},{"id":"KC_TRNS","fields":[]},{"id":"KC_TRNS","fields":[]},{"id":"KC_TRNS","fields":[]},{"id":"KC_TRNS","fields":[]},{"id":"KC_TRNS","fields":[]},{"id":"KC_TRNS","fields":[]},{"id":"KC_TRNS","fields":[]}]},{"id":1,"legend":"STOP","state":{"x":1.25,"y":0,"r":0,"rx":0,"ry":0,"w":1,"h":0.75,"x2":0,"y2":0,"w2":0,"h2":0,"t":"#8f0000","f":1},"row":9,"col":2,"keycodes":[{"id":"KC_MSTP","fields":[]},{"id":"KC_TRNS","fields":[]},{"id":"KC_TRNS","fields":[]},{"id":"KC_TRNS","fields":[]},{"id":"KC_TRNS","fields":[]},{"id":"KC_TRNS","fields":[]},{"id":"KC_TRNS","fields":[]},{"id":"KC_TRNS","fields":[]},{"id":"KC_TRNS","fields":[]},{"id":"KC_TRNS","fields":[]},{"id":"KC_TRNS","fields":[]},{"id":"KC_TRNS","fields":[]},{"id":"KC_TRNS","fields":[]},{"id":"KC_TRNS","fields":[]},{"id":"KC_TRNS","fields":[]},{"id":"KC_TRNS","fields":[]}]},{"id":2,"legend":"F1","state":{"x":2.75,"y":0,"r":0,"rx":0,"ry":0,"w":1.25,"h":0.75,"x2":0,"y2":0,"w2":0,"h2":0,"t":"#8f0000","f":1,"c":"#7a7a7a"},"row":9,"col":4,"keycodes":[{"id":"KC_F1","fields":[]},{"id":"KC_TRNS","fields":[]},{"id":"KC_TRNS","fields":[]},{"id":"KC_TRNS","fields":[]},{"id":"KC_TRNS","fields":[]},{"id":"KC_TRNS","fields":[]},{"id":"KC_TRNS","fields":[]},{"id":"KC_TRNS","fields":[]},{"id":"KC_TRNS","fields":[]},{"id":"KC_TRNS","fields":[]},{"id":"KC_TRNS","fields":[]},{"id":"KC_TRNS","fields":[]},{"id":"KC_TRNS","fields":[]},{"id":"KC_TRNS","fields":[]},{"id":"KC_TRNS","fields":[]},{"id":"KC_TRNS","fields":[]}]},{"id":3,"legend":"F2","state":{"x":4,"y":0,"r":0,"rx":0,"ry":0,"w":1.25,"h":0.75,"x2":0,"y2":0,"w2":0,"h2":0,"t":"#8f0000","f":1,"c":"#7a7a7a"},"row":9,"col":6,"keycodes":[{"id":"KC_F2","fields":[]},{"id":"KC_TRNS","fields":[]},{"id":"KC_TRNS","fields":[]},{"id":"KC_TRNS","fields":[]},{"id":"KC_TRNS","fields":[]},{"id":"KC_TRNS","fields":[]},{"id":"KC_TRNS","fields":[]},{"id":"KC_TRNS","fields":[]},{"id":"KC_TRNS","fields":[]},{"id":"KC_TRNS","fields":[]},{"id":"KC_TRNS","fields":[]},{"id":"KC_TRNS","fields":[]},{"id":"KC_TRNS","fields":[]},{"id":"KC_TRNS","fields":[]},{"id":"KC_TRNS","fields":[]},{"id":"KC_TRNS","fields":[]}]},{"id":4,"legend":"F3","state":{"x":5.25,"y":0,"r":0,"rx":0,"ry":0,"w":1.25,"h":0.75,"x2":0,"y2":0,"w2":0,"h2":0,"t":"#8f0000","f":1,"c":"#7a7a7a"},"row":9,"col":5,"keycodes":[{"id":"KC_F3","fields":[]},{"id":"KC_TRNS","fields":[]},{"id":"KC_TRNS","fields":[]},{"id":"KC_TRNS","fields":[]},{"id":"KC_TRNS","fields":[]},{"id":"KC_TRNS","fields":[]},{"id":"KC_TRNS","fields":[]},{"id":"KC_TRNS","fields":[]},{"id":"KC_TRNS","fields":[]},{"id":"KC_TRNS","fields":[]},{"id":"KC_TRNS","fields":[]},{"id":"KC_TRNS","fields":[]},{"id":"KC_TRNS","fields":[]},{"id":"KC_TRNS","fields":[]},{"id":"KC_TRNS","fields":[]},{"id":"KC_TRNS","fields":[]}]},{"id":5,"legend":"F4","state":{"x":6.5,"y":0,"r":0,"rx":0,"ry":0,"w":1.25,"h":0.75,"x2":0,"y2":0,"w2":0,"h2":0,"t":"#8f0000","f":1,"c":"#7a7a7a"},"row":9,"col":1,"keycodes":[{"id":"KC_F4","fields":[]},{"id":"KC_TRNS","fields":[]},{"id":"KC_TRNS","fields":[]},{"id":"KC_TRNS","fields":[]},{"id":"KC_TRNS","fields":[]},{"id":"KC_TRNS","fields":[]},{"id":"KC_TRNS","fields":[]},{"id":"KC_TRNS","fields":[]},{"id":"KC_TRNS","fields":[]},{"id":"KC_TRNS","fields":[]},{"id":"KC_TRNS","fields":[]},{"id":"KC_TRNS","fields":[]},{"id":"KC_TRNS","fields":[]},{"id":"KC_TRNS","fields":[]},{"id":"KC_TRNS","fields":[]},{"id":"KC_TRNS","fields":[]}]},{"id":6,"legend":"Menu","state":{"x":7.75,"y":0,"r":0,"rx":0,"ry":0,"w":1,"h":0.75,"x2":0,"y2":0,"w2":0,"h2":0,"t":"#8f0000","f":1,"c":"#cccccc"},"row":12,"col":1,"keycodes":[{"id":"KC_APP","fields":[]},{"id":"KC_TRNS","fields":[]},{"id":"KC_TRNS","fields":[]},{"id":"KC_TRNS","fields":[]},{"id":"KC_TRNS","fields":[]},{"id":"KC_TRNS","fields":[]},{"id":"KC_TRNS","fields":[]},{"id":"KC_TRNS","fields":[]},{"id":"KC_TRNS","fields":[]},{"id":"KC_TRNS","fields":[]},{"id":"KC_TRNS","fields":[]},{"id":"KC_TRNS","fields":[]},{"id":"KC_TRNS","fields":[]},{"id":"KC_TRNS","fields":[]},{"id":"KC_TRNS","fields":[]},{"id":"KC_TRNS","fields":[]}]},{"id":7,"legend":"User\nSystem","state":{"x":8.75,"y":0,"r":0,"rx":0,"ry":0,"w":1,"h":0.75,"x2":0,"y2":0,"w2":0,"h2":0,"t":"#8f0000","f":1,"c":"#cccccc"},"row":12,"col":5,"keycodes":[{"id":"KC_NO","fields":[]},{"id":"KC_TRNS","fields":[]},{"id":"KC_TRNS","fields":[]},{"id":"KC_TRNS","fields":[]},{"id":"KC_TRNS","fields":[]},{"id":"KC_TRNS","fields":[]},{"id":"KC_TRNS","fields":[]},{"id":"KC_TRNS","fields":[]},{"id":"KC_TRNS","fields":[]},{"id":"KC_TRNS","fields":[]},{"id":"KC_TRNS","fields":[]},{"id":"KC_TRNS","fields":[]},{"id":"KC_TRNS","fields":[]},{"id":"KC_TRNS","fields":[]},{"id":"KC_TRNS","fields":[]},{"id":"KC_TRNS","fields":[]}]},{"id":8,"legend":"F5","state":{"x":9.75,"y":0,"r":0,"rx":0,"ry":0,"w":1.25,"h":0.75,"x2":0,"y2":0,"w2":0,"h2":0,"t":"#8f0000","f":1,"c":"#7a7a7a"},"row":12,"col":6,"keycodes":[{"id":"KC_F5","fields":[]},{"id":"KC_TRNS","fields":[]},{"id":"KC_TRNS","fields":[]},{"id":"KC_TRNS","fields":[]},{"id":"KC_TRNS","fields":[]},{"id":"KC_TRNS","fields":[]},{"id":"KC_TRNS","fields":[]},{"id":"KC_TRNS","fields":[]},{"id":"KC_TRNS","fields":[]},{"id":"KC_TRNS","fields":[]},{"id":"KC_TRNS","fields":[]},{"id":"KC_TRNS","fields":[]},{"id":"KC_TRNS","fields":[]},{"id":"KC_TRNS","fields":[]},{"id":"KC_TRNS","fields":[]},{"id":"KC_TRNS","fields":[]}]},{"id":9,"legend":"F6","state":{"x":11,"y":0,"r":0,"rx":0,"ry":0,"w":1.25,"h":0.75,"x2":0,"y2":0,"w2":0,"h2":0,"t":"#8f0000","f":1,"c":"#7a7a7a"},"row":12,"col":4,"keycodes":[{"id":"KC_F6","fields":[]},{"id":"KC_TRNS","fields":[]},{"id":"KC_TRNS","fields":[]},{"id":"KC_TRNS","fields":[]},{"id":"KC_TRNS","fields":[]},{"id":"KC_TRNS","fields":[]},{"id":"KC_TRNS","fields":[]},{"id":"KC_TRNS","fields":[]},{"id":"KC_TRNS","fields":[]},{"id":"KC_TRNS","fields":[]},{"id":"KC_TRNS","fields":[]},{"id":"KC_TRNS","fields":[]},{"id":"KC_TRNS","fields":[]},{"id":"KC_TRNS","fields":[]},{"id":"KC_TRNS","fields":[]},{"id":"KC_TRNS","fields":[]}]},{"id":10,"legend":"F7","state":{"x":12.25,"y":0,"r":0,"rx":0,"ry":0,"w":1.25,"h":0.75,"x2":0,"y2":0,"w2":0,"h2":0,"t":"#8f0000","f":1,"c":"#7a7a7a"},"row":12,"col":7,"keycodes":[{"id":"KC_F7","fields":[]},{"id":"KC_TRNS","fields":[]},{"id":"KC_TRNS","fields":[]},{"id":"KC_TRNS","fields":[]},{"id":"KC_TRNS","fields":[]},{"id":"KC_TRNS","fields":[]},{"id":"KC_TRNS","fields":[]},{"id":"KC_TRNS","fields":[]},{"id":"KC_TRNS","fields":[]},{"id":"KC_TRNS","fields":[]},{"id":"KC_TRNS","fields":[]},{"id":"KC_TRNS","fields":[]},{"id":"KC_TRNS","fields":[]},{"id":"KC_TRNS","fields":[]},{"id":"KC_TRNS","fields":[]},{"id":"KC_TRNS","fields":[]}]},{"id":11,"legend":"F8","state":{"x":13.5,"y":0,"r":0,"rx":0,"ry":0,"w":1.25,"h":0.75,"x2":0,"y2":0,"w2":0,"h2":0,"t":"#8f0000","f":1,"c":"#7a7a7a"},"row":12,"col":3,"keycodes":[{"id":"KC_F8","fields":[]},{"id":"KC_TRNS","fields":[]},{"id":"KC_TRNS","fields":[]},{"id":"KC_TRNS","fields":[]},{"id":"KC_TRNS","fields":[]},{"id":"KC_TRNS","fields":[]},{"id":"KC_TRNS","fields":[]},{"id":"KC_TRNS","fields":[]},{"id":"KC_TRNS","fields":[]},{"id":"KC_TRNS","fields":[]},{"id":"KC_TRNS","fields":[]},{"id":"KC_TRNS","fields":[]},{"id":"KC_TRNS","fields":[]},{"id":"KC_TRNS","fields":[]},{"id":"KC_TRNS","fields":[]},{"id":"KC_TRNS","fields":[]}]},{"id":12,"legend":"Clear\n\n\n\n\n\nLine","state":{"x":15.25,"y":0,"r":0,"rx":0,"ry":0,"w":1,"h":0.75,"x2":0,"y2":0,"w2":0,"h2":0,"t":"#8f0000","f":1,"c":"#cccccc"},"row":12,"col":2,"keycodes":[{"id":"KC_SLCK","fields":[]},{"id":"KC_TRNS","fields":[]},{"id":"KC_TRNS","fields":[]},{"id":"KC_TRNS","fields":[]},{"id":"KC_TRNS","fields":[]},{"id":"KC_TRNS","fields":[]},{"id":"KC_TRNS","fields":[]},{"id":"KC_TRNS","fields":[]},{"id":"KC_TRNS","fields":[]},{"id":"KC_TRNS","fields":[]},{"id":"KC_TRNS","fields":[]},{"id":"KC_TRNS","fields":[]},{"id":"KC_TRNS","fields":[]},{"id":"KC_TRNS","fields":[]},{"id":"KC_TRNS","fields":[]},{"id":"KC_TRNS","fields":[]}]},{"id":13,"legend":"Clear\n\n\n\n\n\nDisplay","state":{"x":16.25,"y":0,"r":0,"rx":0,"ry":0,"w":1,"h":0.75,"x2":0,"y2":0,"w2":0,"h2":0,"t":"#8f0000","f":1,"c":"#cccccc"},"row":12,"col":0,"keycodes":[{"id":"RESET","fields":[]},{"id":"KC_TRNS","fields":[]},{"id":"KC_TRNS","fields":[]},{"id":"KC_TRNS","fields":[]},{"id":"KC_TRNS","fields":[]},{"id":"KC_TRNS","fields":[]},{"id":"KC_TRNS","fields":[]},{"id":"KC_TRNS","fields":[]},{"id":"KC_TRNS","fields":[]},{"id":"KC_TRNS","fields":[]},{"id":"KC_TRNS","fields":[]},{"id":"KC_TRNS","fields":[]},{"id":"KC_TRNS","fields":[]},{"id":"KC_TRNS","fields":[]},{"id":"KC_TRNS","fields":[]},{"id":"KC_TRNS","fields":[]}]},{"id":14,"legend":"","state":{"x":18,"y":0,"r":0,"rx":0,"ry":0,"w":1,"h":0.75,"x2":0,"y2":0,"w2":0,"h2":0,"t":"#8f0000","f":1,"c":"#cccccc","a":7},"row":1,"col":5,"keycodes":[{"id":"KC_F9","fields":[]},{"id":"KC_TRNS","fields":[]},{"id":"KC_TRNS","fields":[]},{"id":"KC_TRNS","fields":[]},{"id":"KC_TRNS","fields":[]},{"id":"KC_TRNS","fields":[]},{"id":"KC_TRNS","fields":[]},{"id":"KC_TRNS","fields":[]},{"id":"KC_TRNS","fields":[]},{"id":"KC_TRNS","fields":[]},{"id":"KC_TRNS","fields":[]},{"id":"KC_TRNS","fields":[]},{"id":"KC_TRNS","fields":[]},{"id":"KC_TRNS","fields":[]},{"id":"KC_TRNS","fields":[]},{"id":"KC_TRNS","fields":[]}]},{"id":15,"legend":"","state":{"x":19,"y":0,"r":0,"rx":0,"ry":0,"w":1,"h":0.75,"x2":0,"y2":0,"w2":0,"h2":0,"t":"#8f0000","f":1,"c":"#cccccc","a":7},"row":1,"col":4,"keycodes":[{"id":"KC_F10","fields":[]},{"id":"KC_TRNS","fields":[]},{"id":"KC_TRNS","fields":[]},{"id":"KC_TRNS","fields":[]},{"id":"KC_TRNS","fields":[]},{"id":"KC_TRNS","fields":[]},{"id":"KC_TRNS","fields":[]},{"id":"KC_TRNS","fields":[]},{"id":"KC_TRNS","fields":[]},{"id":"KC_TRNS","fields":[]},{"id":"KC_TRNS","fields":[]},{"id":"KC_TRNS","fields":[]},{"id":"KC_TRNS","fields":[]},{"id":"KC_TRNS","fields":[]},{"id":"KC_TRNS","fields":[]},{"id":"KC_TRNS","fields":[]}]},{"id":16,"legend":"","state":{"x":20,"y":0,"r":0,"rx":0,"ry":0,"w":1,"h":0.75,"x2":0,"y2":0,"w2":0,"h2":0,"t":"#8f0000","f":1,"c":"#cccccc","a":7},"row":1,"col":3,"keycodes":[{"id":"KC_F11","fields":[]},{"id":"KC_TRNS","fields":[]},{"id":"KC_TRNS","fields":[]},{"id":"KC_TRNS","fields":[]},{"id":"KC_TRNS","fields":[]},{"id":"KC_TRNS","fields":[]},{"id":"KC_TRNS","fields":[]},{"id":"KC_TRNS","fields":[]},{"id":"KC_TRNS","fields":[]},{"id":"KC_TRNS","fields":[]},{"id":"KC_TRNS","fields":[]},{"id":"KC_TRNS","fields":[]},{"id":"KC_TRNS","fields":[]},{"id":"KC_TRNS","fields":[]},{"id":"KC_TRNS","fields":[]},{"id":"KC_TRNS","fields":[]}]},{"id":17,"legend":"","state":{"x":21,"y":0,"r":0,"rx":0,"ry":0,"w":1,"h":0.75,"x2":0,"y2":0,"w2":0,"h2":0,"t":"#8f0000","f":1,"c":"#cccccc","a":7},"row":1,"col":0,"keycodes":[{"id":"KC_F12","fields":[]},{"id":"KC_TRNS","fields":[]},{"id":"KC_TRNS","fields":[]},{"id":"KC_TRNS","fields":[]},{"id":"KC_TRNS","fields":[]},{"id":"KC_TRNS","fields":[]},{"id":"KC_TRNS","fields":[]},{"id":"KC_TRNS","fields":[]},{"id":"KC_TRNS","fields":[]},{"id":"KC_TRNS","fields":[]},{"id":"KC_TRNS","fields":[]},{"id":"KC_TRNS","fields":[]},{"id":"KC_TRNS","fields":[]},{"id":"KC_TRNS","fields":[]},{"id":"KC_TRNS","fields":[]},{"id":"KC_TRNS","fields":[]}]},{"id":18,"legend":"~\n`","state":{"x":0.25,"y":1.75,"r":0,"rx":0,"ry":0,"w":1.25,"h":1,"x2":0,"y2":0,"w2":0,"h2":0,"t":"#8f0000","f":3,"c":"#ababab","a":4},"row":9,"col":7,"keycodes":[{"id":"KC_GRV","fields":[]},{"id":"KC_TRNS","fields":[]},{"id":"KC_TRNS","fields":[]},{"id":"KC_TRNS","fields":[]},{"id":"KC_TRNS","fields":[]},{"id":"KC_TRNS","fields":[]},{"id":"KC_TRNS","fields":[]},{"id":"KC_TRNS","fields":[]},{"id":"KC_TRNS","fields":[]},{"id":"KC_TRNS","fields":[]},{"id":"KC_TRNS","fields":[]},{"id":"KC_TRNS","fields":[]},{"id":"KC_TRNS","fields":[]},{"id":"KC_TRNS","fields":[]},{"id":"KC_TRNS","fields":[]},{"id":"KC_TRNS","fields":[]}]},{"id":19,"legend":"!\n1","state":{"x":1.5,"y":1.75,"r":0,"rx":0,"ry":0,"w":1,"h":1,"x2":0,"y2":0,"w2":0,"h2":0,"t":"#8f0000","f":3,"c":"#ababab","a":4},"row":8,"col":7,"keycodes":[{"id":"KC_1","fields":[]},{"id":"KC_TRNS","fields":[]},{"id":"KC_TRNS","fields":[]},{"id":"KC_TRNS","fields":[]},{"id":"KC_TRNS","fields":[]},{"id":"KC_TRNS","fields":[]},{"id":"KC_TRNS","fields":[]},{"id":"KC_TRNS","fields":[]},{"id":"KC_TRNS","fields":[]},{"id":"KC_TRNS","fields":[]},{"id":"KC_TRNS","fields":[]},{"id":"KC_TRNS","fields":[]},{"id":"KC_TRNS","fields":[]},{"id":"KC_TRNS","fields":[]},{"id":"KC_TRNS","fields":[]},{"id":"KC_TRNS","fields":[]}]},{"id":20,"legend":"@\n2","state":{"x":2.5,"y":1.75,"r":0,"rx":0,"ry":0,"w":1,"h":1,"x2":0,"y2":0,"w2":0,"h2":0,"t":"#8f0000","f":3,"c":"#ababab","a":4},"row":4,"col":0,"keycodes":[{"id":"KC_2","fields":[]},{"id":"KC_TRNS","fields":[]},{"id":"KC_TRNS","fields":[]},{"id":"KC_TRNS","fields":[]},{"id":"KC_TRNS","fields":[]},{"id":"KC_TRNS","fields":[]},{"id":"KC_TRNS","fields":[]},{"id":"KC_TRNS","fields":[]},{"id":"KC_TRNS","fields":[]},{"id":"KC_TRNS","fields":[]},{"id":"KC_TRNS","fields":[]},{"id":"KC_TRNS","fields":[]},{"id":"KC_TRNS","fields":[]},{"id":"KC_TRNS","fields":[]},{"id":"KC_TRNS","fields":[]},{"id":"KC_TRNS","fields":[]}]},{"id":21,"legend":"#\n3","state":{"x":3.5,"y":1.75,"r":0,"rx":0,"ry":0,"w":1,"h":1,"x2":0,"y2":0,"w2":0,"h2":0,"t":"#8f0000","f":3,"c":"#ababab","a":4},"row":3,"col":7,"keycodes":[{"id":"KC_3","fields":[]},{"id":"KC_TRNS","fields":[]},{"id":"KC_TRNS","fields":[]},{"id":"KC_TRNS","fields":[]},{"id":"KC_TRNS","fields":[]},{"id":"KC_TRNS","fields":[]},{"id":"KC_TRNS","fields":[]},{"id":"KC_TRNS","fields":[]},{"id":"KC_TRNS","fields":[]},{"id":"KC_TRNS","fields":[]},{"id":"KC_TRNS","fields":[]},{"id":"KC_TRNS","fields":[]},{"id":"KC_TRNS","fields":[]},{"id":"KC_TRNS","fields":[]},{"id":"KC_TRNS","fields":[]},{"id":"KC_TRNS","fields":[]}]},{"id":22,"legend":"$\n4","state":{"x":4.5,"y":1.75,"r":0,"rx":0,"ry":0,"w":1,"h":1,"x2":0,"y2":0,"w2":0,"h2":0,"t":"#8f0000","f":3,"c":"#ababab","a":4},"row":3,"col":4,"keycodes":[{"id":"KC_4","fields":[]},{"id":"KC_TRNS","fields":[]},{"id":"KC_TRNS","fields":[]},{"id":"KC_TRNS","fields":[]},{"id":"KC_TRNS","fields":[]},{"id":"KC_TRNS","fields":[]},{"id":"KC_TRNS","fields":[]},{"id":"KC_TRNS","fields":[]},{"id":"KC_TRNS","fields":[]},{"id":"KC_TRNS","fields":[]},{"id":"KC_TRNS","fields":[]},{"id":"KC_TRNS","fields":[]},{"id":"KC_TRNS","fields":[]},{"id":"KC_TRNS","fields":[]},{"id":"KC_TRNS","fields":[]},{"id":"KC_TRNS","fields":[]}]},{"id":23,"legend":"%\n5","state":{"x":5.5,"y":1.75,"r":0,"rx":0,"ry":0,"w":1,"h":1,"x2":0,"y2":0,"w2":0,"h2":0,"t":"#8f0000","f":3,"c":"#ababab","a":4},"row":3,"col":6,"keycodes":[{"id":"KC_5","fields":[]},{"id":"KC_TRNS","fields":[]},{"id":"KC_TRNS","fields":[]},{"id":"KC_TRNS","fields":[]},{"id":"KC_TRNS","fields":[]},{"id":"KC_TRNS","fields":[]},{"id":"KC_TRNS","fields":[]},{"id":"KC_TRNS","fields":[]},{"id":"KC_TRNS","fields":[]},{"id":"KC_TRNS","fields":[]},{"id":"KC_TRNS","fields":[]},{"id":"KC_TRNS","fields":[]},{"id":"KC_TRNS","fields":[]},{"id":"KC_TRNS","fields":[]},{"id":"KC_TRNS","fields":[]},{"id":"KC_TRNS","fields":[]}]},{"id":24,"legend":"^\n6","state":{"x":6.5,"y":1.75,"r":0,"rx":0,"ry":0,"w":1,"h":1,"x2":0,"y2":0,"w2":0,"h2":0,"t":"#8f0000","f":3,"c":"#ababab","a":4},"row":3,"col":5,"keycodes":[{"id":"KC_6","fields":[]},{"id":"KC_TRNS","fields":[]},{"id":"KC_TRNS","fields":[]},{"id":"KC_TRNS","fields":[]},{"id":"KC_TRNS","fields":[]},{"id":"KC_TRNS","fields":[]},{"id":"KC_TRNS","fields":[]},{"id":"KC_TRNS","fields":[]},{"id":"KC_TRNS","fields":[]},{"id":"KC_TRNS","fields":[]},{"id":"KC_TRNS","fields":[]},{"id":"KC_TRNS","fields":[]},{"id":"KC_TRNS","fields":[]},{"id":"KC_TRNS","fields":[]},{"id":"KC_TRNS","fields":[]},{"id":"KC_TRNS","fields":[]}]},{"id":25,"legend":"&\n7","state":{"x":7.5,"y":1.75,"r":0,"rx":0,"ry":0,"w":1,"h":1,"x2":0,"y2":0,"w2":0,"h2":0,"t":"#8f0000","f":3,"c":"#ababab","a":4},"row":3,"col":1,"keycodes":[{"id":"KC_7","fields":[]},{"id":"KC_TRNS","fields":[]},{"id":"KC_TRNS","fields":[]},{"id":"KC_TRNS","fields":[]},{"id":"KC_TRNS","fields":[]},{"id":"KC_TRNS","fields":[]},{"id":"KC_TRNS","fields":[]},{"id":"KC_TRNS","fields":[]},{"id":"KC_TRNS","fields":[]},{"id":"KC_TRNS","fields":[]},{"id":"KC_TRNS","fields":[]},{"id":"KC_TRNS","fields":[]},{"id":"KC_TRNS","fields":[]},{"id":"KC_TRNS","fields":[]},{"id":"KC_TRNS","fields":[]},{"id":"KC_TRNS","fields":[]}]},{"id":26,"legend":"*\n8","state":{"x":8.5,"y":1.75,"r":0,"rx":0,"ry":0,"w":1,"h":1,"x2":0,"y2":0,"w2":0,"h2":0,"t":"#8f0000","f":3,"c":"#ababab","a":4},"row":10,"col":1,"keycodes":[{"id":"KC_8","fields":[]},{"id":"KC_TRNS","fields":[]},{"id":"KC_TRNS","fields":[]},{"id":"KC_TRNS","fields":[]},{"id":"KC_TRNS","fields":[]},{"id":"KC_TRNS","fields":[]},{"id":"KC_TRNS","fields":[]},{"id":"KC_TRNS","fields":[]},{"id":"KC_TRNS","fields":[]},{"id":"KC_TRNS","fields":[]},{"id":"KC_TRNS","fields":[]},{"id":"KC_TRNS","fields":[]},{"id":"KC_TRNS","fields":[]},{"id":"KC_TRNS","fields":[]},{"id":"KC_TRNS","fields":[]},{"id":"KC_TRNS","fields":[]}]},{"id":27,"legend":"(\n9","state":{"x":9.5,"y":1.75,"r":0,"rx":0,"ry":0,"w":1,"h":1,"x2":0,"y2":0,"w2":0,"h2":0,"t":"#8f0000","f":3,"c":"#ababab","a":4},"row":10,"col":5,"keycodes":[{"id":"KC_9","fields":[]},{"id":"KC_TRNS","fields":[]},{"id":"KC_TRNS","fields":[]},{"id":"KC_TRNS","fields":[]},{"id":"KC_TRNS","fields":[]},{"id":"KC_TRNS","fields":[]},{"id":"KC_TRNS","fields":[]},{"id":"KC_TRNS","fields":[]},{"id":"KC_TRNS","fields":[]},{"id":"KC_TRNS","fields":[]},{"id":"KC_TRNS","fields":[]},{"id":"KC_TRNS","fields":[]},{"id":"KC_TRNS","fields":[]},{"id":"KC_TRNS","fields":[]},{"id":"KC_TRNS","fields":[]},{"id":"KC_TRNS","fields":[]}]},{"id":28,"legend":")\n0","state":{"x":10.5,"y":1.75,"r":0,"rx":0,"ry":0,"w":1,"h":1,"x2":0,"y2":0,"w2":0,"h2":0,"t":"#8f0000","f":3,"c":"#ababab","a":4},"row":10,"col":6,"keycodes":[{"id":"KC_0","fields":[]},{"id":"KC_TRNS","fields":[]},{"id":"KC_TRNS","fields":[]},{"id":"KC_TRNS","fields":[]},{"id":"KC_TRNS","fields":[]},{"id":"KC_TRNS","fields":[]},{"id":"KC_TRNS","fields":[]},{"id":"KC_TRNS","fields":[]},{"id":"KC_TRNS","fields":[]},{"id":"KC_TRNS","fields":[]},{"id":"KC_TRNS","fields":[]},{"id":"KC_TRNS","fields":[]},{"id":"KC_TRNS","fields":[]},{"id":"KC_TRNS","fields":[]},{"id":"KC_TRNS","fields":[]},{"id":"KC_TRNS","fields":[]}]},{"id":29,"legend":"_\n-","state":{"x":11.5,"y":1.75,"r":0,"rx":0,"ry":0,"w":1,"h":1,"x2":0,"y2":0,"w2":0,"h2":0,"t":"#8f0000","f":3,"c":"#ababab","a":4},"row":10,"col":4,"keycodes":[{"id":"KC_MINS","fields":[]},{"id":"KC_TRNS","fields":[]},{"id":"KC_TRNS","fields":[]},{"id":"KC_TRNS","fields":[]},{"id":"KC_TRNS","fields":[]},{"id":"KC_TRNS","fields":[]},{"id":"KC_TRNS","fields":[]},{"id":"KC_TRNS","fields":[]},{"id":"KC_TRNS","fields":[]},{"id":"KC_TRNS","fields":[]},{"id":"KC_TRNS","fields":[]},{"id":"KC_TRNS","fields":[]},{"id":"KC_TRNS","fields":[]},{"id":"KC_TRNS","fields":[]},{"id":"KC_TRNS","fields":[]},{"id":"KC_TRNS","fields":[]}]},{"id":30,"legend":"+\n=","state":{"x":12.5,"y":1.75,"r":0,"rx":0,"ry":0,"w":1,"h":1,"x2":0,"y2":0,"w2":0,"h2":0,"t":"#8f0000","f":3,"c":"#ababab","a":4},"row":10,"col":7,"keycodes":[{"id":"KC_EQL","fields":[]},{"id":"KC_TRNS","fields":[]},{"id":"KC_TRNS","fields":[]},{"id":"KC_TRNS","fields":[]},{"id":"KC_TRNS","fields":[]},{"id":"KC_TRNS","fields":[]},{"id":"KC_TRNS","fields":[]},{"id":"KC_TRNS","fields":[]},{"id":"KC_TRNS","fields":[]},{"id":"KC_TRNS","fields":[]},{"id":"KC_TRNS","fields":[]},{"id":"KC_TRNS","fields":[]},{"id":"KC_TRNS","fields":[]},{"id":"KC_TRNS","fields":[]},{"id":"KC_TRNS","fields":[]},{"id":"KC_TRNS","fields":[]}]},{"id":31,"legend":"Back\n\n\n\n\n\nSpace","state":{"x":13.5,"y":1.75,"r":0,"rx":0,"ry":0,"w":1.5,"h":1,"x2":0,"y2":0,"w2":1.75,"h2":0,"t":"#8f0000","f":3,"c":"#ababab","a":4,"l":true},"row":10,"col":3,"keycodes":[{"id":"KC_BSPC","fields":[]},{"id":"KC_TRNS","fields":[]},{"id":"KC_TRNS","fields":[]},{"id":"KC_TRNS","fields":[]},{"id":"KC_TRNS","fields":[]},{"id":"KC_TRNS","fields":[]},{"id":"KC_TRNS","fields":[]},{"id":"KC_TRNS","fields":[]},{"id":"KC_TRNS","fields":[]},{"id":"KC_TRNS","fields":[]},{"id":"KC_TRNS","fields":[]},{"id":"KC_TRNS","fields":[]},{"id":"KC_TRNS","fields":[]},{"id":"KC_TRNS","fields":[]},{"id":"KC_TRNS","fields":[]},{"id":"KC_TRNS","fields":[]}]},{"id":32,"legend":"","state":{"x":15.25,"y":1.75,"r":0,"rx":0,"ry":0,"w":1,"h":1,"x2":0,"y2":0,"w2":0,"h2":0,"t":"#8f0000","f":3,"c":"#cccccc","a":7,"l":true},"row":10,"col":2,"keycodes":[{"id":"KC_DEL","fields":[]},{"id":"KC_TRNS","fields":[]},{"id":"KC_TRNS","fields":[]},{"id":"KC_TRNS","fields":[]},{"id":"KC_TRNS","fields":[]},{"id":"KC_TRNS","fields":[]},{"id":"KC_TRNS","fields":[]},{"id":"KC_TRNS","fields":[]},{"id":"KC_TRNS","fields":[]},{"id":"KC_TRNS","fields":[]},{"id":"KC_TRNS","fields":[]},{"id":"KC_TRNS","fields":[]},{"id":"KC_TRNS","fields":[]},{"id":"KC_TRNS","fields":[]},{"id":"KC_TRNS","fields":[]},{"id":"KC_TRNS","fields":[]}]},{"id":33,"legend":"","state":{"x":16.25,"y":1.75,"r":0,"rx":0,"ry":0,"w":1,"h":1,"x2":0,"y2":0,"w2":0,"h2":0,"t":"#8f0000","f":3,"c":"#cccccc","a":7,"l":true},"row":10,"col":0,"keycodes":[{"id":"KC_INS","fields":[]},{"id":"KC_TRNS","fields":[]},{"id":"KC_TRNS","fields":[]},{"id":"KC_TRNS","fields":[]},{"id":"KC_TRNS","fields":[]},{"id":"KC_TRNS","fields":[]},{"id":"KC_TRNS","fields":[]},{"id":"KC_TRNS","fields":[]},{"id":"KC_TRNS","fields":[]},{"id":"KC_TRNS","fields":[]},{"id":"KC_TRNS","fields":[]},{"id":"KC_TRNS","fields":[]},{"id":"KC_TRNS","fields":[]},{"id":"KC_TRNS","fields":[]},{"id":"KC_TRNS","fields":[]},{"id":"KC_TRNS","fields":[]}]},{"id":34,"legend":"","state":{"x":18,"y":1.75,"r":0,"rx":0,"ry":0,"w":1,"h":0.75,"x2":0,"y2":0,"w2":0,"h2":1,"t":"#8f0000","f":3,"c":"#cccccc","a":7,"l":true},"row":5,"col":5,"keycodes":[{"id":"KC_PAST","fields":[]},{"id":"KC_TRNS","fields":[]},{"id":"KC_TRNS","fields":[]},{"id":"KC_TRNS","fields":[]},{"id":"KC_TRNS","fields":[]},{"id":"KC_TRNS","fields":[]},{"id":"KC_TRNS","fields":[]},{"id":"KC_TRNS","fields":[]},{"id":"KC_TRNS","fields":[]},{"id":"KC_TRNS","fields":[]},{"id":"KC_TRNS","fields":[]},{"id":"KC_TRNS","fields":[]},{"id":"KC_TRNS","fields":[]},{"id":"KC_TRNS","fields":[]},{"id":"KC_TRNS","fields":[]},{"id":"KC_TRNS","fields":[]}]},{"id":35,"legend":"","state":{"x":19,"y":1.75,"r":0,"rx":0,"ry":0,"w":1,"h":0.75,"x2":0,"y2":0,"w2":0,"h2":1,"t":"#8f0000","f":3,"c":"#cccccc","a":7,"l":true},"row":5,"col":4,"keycodes":[{"id":"KC_PSLS","fields":[]},{"id":"KC_TRNS","fields":[]},{"id":"KC_TRNS","fields":[]},{"id":"KC_TRNS","fields":[]},{"id":"KC_TRNS","fields":[]},{"id":"KC_TRNS","fields":[]},{"id":"KC_TRNS","fields":[]},{"id":"KC_TRNS","fields":[]},{"id":"KC_TRNS","fields":[]},{"id":"KC_TRNS","fields":[]},{"id":"KC_TRNS","fields":[]},{"id":"KC_TRNS","fields":[]},{"id":"KC_TRNS","fields":[]},{"id":"KC_TRNS","fields":[]},{"id":"KC_TRNS","fields":[]},{"id":"KC_TRNS","fields":[]}]},{"id":36,"legend":"","state":{"x":20,"y":1.75,"r":0,"rx":0,"ry":0,"w":1,"h":0.75,"x2":0,"y2":0,"w2":0,"h2":1,"t":"#8f0000","f":3,"c":"#cccccc","a":7,"l":true},"row":5,"col":3,"keycodes":[{"id":"KC_PPLS","fields":[]},{"id":"KC_TRNS","fields":[]},{"id":"KC_TRNS","fields":[]},{"id":"KC_TRNS","fields":[]},{"id":"KC_TRNS","fields":[]},{"id":"KC_TRNS","fields":[]},{"id":"KC_TRNS","fields":[]},{"id":"KC_TRNS","fields":[]},{"id":"KC_TRNS","fields":[]},{"id":"KC_TRNS","fields":[]},{"id":"KC_TRNS","fields":[]},{"id":"KC_TRNS","fields":[]},{"id":"KC_TRNS","fields":[]},{"id":"KC_TRNS","fields":[]},{"id":"KC_TRNS","fields":[]},{"id":"KC_TRNS","fields":[]}]},{"id":37,"legend":"","state":{"x":21,"y":1.75,"r":0,"rx":0,"ry":0,"w":1,"h":0.75,"x2":0,"y2":0,"w2":0,"h2":1,"t":"#8f0000","f":3,"c":"#cccccc","a":7,"l":true},"row":5,"col":0,"keycodes":[{"id":"KC_PMNS","fields":[]},{"id":"KC_TRNS","fields":[]},{"id":"KC_TRNS","fields":[]},{"id":"KC_TRNS","fields":[]},{"id":"KC_TRNS","fields":[]},{"id":"KC_TRNS","fields":[]},{"id":"KC_TRNS","fields":[]},{"id":"KC_TRNS","fields":[]},{"id":"KC_TRNS","fields":[]},{"id":"KC_TRNS","fields":[]},{"id":"KC_TRNS","fields":[]},{"id":"KC_TRNS","fields":[]},{"id":"KC_TRNS","fields":[]},{"id":"KC_TRNS","fields":[]},{"id":"KC_TRNS","fields":[]},{"id":"KC_TRNS","fields":[]}]},{"id":38,"legend":"","state":{"x":0.25,"y":2.75,"r":0,"rx":0,"ry":0,"w":1.75,"h":1,"x2":0,"y2":0,"w2":0,"h2":0,"t":"#8f0000","f":3,"c":"#ababab","a":7,"l":true},"row":2,"col":0,"keycodes":[{"id":"KC_TAB","fields":[]},{"id":"KC_TRNS","fields":[]},{"id":"KC_TRNS","fields":[]},{"id":"KC_TRNS","fields":[]},{"id":"KC_TRNS","fields":[]},{"id":"KC_TRNS","fields":[]},{"id":"KC_TRNS","fields":[]},{"id":"KC_TRNS","fields":[]},{"id":"KC_TRNS","fields":[]},{"id":"KC_TRNS","fields":[]},{"id":"KC_TRNS","fields":[]},{"id":"KC_TRNS","fields":[]},{"id":"KC_TRNS","fields":[]},{"id":"KC_TRNS","fields":[]},{"id":"KC_TRNS","fields":[]},{"id":"KC_TRNS","fields":[]}]},{"id":39,"legend":"","state":{"x":2,"y":2.75,"r":0,"rx":0,"ry":0,"w":1,"h":1,"x2":0,"y2":0,"w2":0,"h2":0,"t":"#8f0000","f":3,"c":"#ababab","a":7,"l":true},"row":2,"col":2,"keycodes":[{"id":"KC_Q","fields":[]},{"id":"KC_TRNS","fields":[]},{"id":"KC_TRNS","fields":[]},{"id":"KC_TRNS","fields":[]},{"id":"KC_TRNS","fields":[]},{"id":"KC_TRNS","fields":[]},{"id":"KC_TRNS","fields":[]},{"id":"KC_TRNS","fields":[]},{"id":"KC_TRNS","fields":[]},{"id":"KC_TRNS","fields":[]},{"id":"KC_TRNS","fields":[]},{"id":"KC_TRNS","fields":[]},{"id":"KC_TRNS","fields":[]},{"id":"KC_TRNS","fields":[]},{"id":"KC_TRNS","fields":[]},{"id":"KC_TRNS","fields":[]}]},{"id":40,"legend":"","state":{"x":3,"y":2.75,"r":0,"rx":0,"ry":0,"w":1,"h":1,"x2":0,"y2":0,"w2":0,"h2":0,"t":"#8f0000","f":3,"c":"#ababab","a":7,"l":true},"row":2,"col":3,"keycodes":[{"id":"KC_W","fields":[]},{"id":"KC_TRNS","fields":[]},{"id":"KC_TRNS","fields":[]},{"id":"KC_TRNS","fields":[]},{"id":"KC_TRNS","fields":[]},{"id":"KC_TRNS","fields":[]},{"id":"KC_TRNS","fields":[]},{"id":"KC_TRNS","fields":[]},{"id":"KC_TRNS","fields":[]},{"id":"KC_TRNS","fields":[]},{"id":"KC_TRNS","fields":[]},{"id":"KC_TRNS","fields":[]},{"id":"KC_TRNS","fields":[]},{"id":"KC_TRNS","fields":[]},{"id":"KC_TRNS","fields":[]},{"id":"KC_TRNS","fields":[]}]},{"id":41,"legend":"","state":{"x":4,"y":2.75,"r":0,"rx":0,"ry":0,"w":1,"h":1,"x2":0,"y2":0,"w2":0,"h2":0,"t":"#8f0000","f":3,"c":"#ababab","a":7,"l":true},"row":2,"col":7,"keycodes":[{"id":"KC_E","fields":[]},{"id":"KC_TRNS","fields":[]},{"id":"KC_TRNS","fields":[]},{"id":"KC_TRNS","fields":[]},{"id":"KC_TRNS","fields":[]},{"id":"KC_TRNS","fields":[]},{"id":"KC_TRNS","fields":[]},{"id":"KC_TRNS","fields":[]},{"id":"KC_TRNS","fields":[]},{"id":"KC_TRNS","fields":[]},{"id":"KC_TRNS","fields":[]},{"id":"KC_TRNS","fields":[]},{"id":"KC_TRNS","fields":[]},{"id":"KC_TRNS","fields":[]},{"id":"KC_TRNS","fields":[]},{"id":"KC_TRNS","fields":[]}]},{"id":42,"legend":"","state":{"x":5,"y":2.75,"r":0,"rx":0,"ry":0,"w":1,"h":1,"x2":0,"y2":0,"w2":0,"h2":0,"t":"#8f0000","f":3,"c":"#ababab","a":7,"l":true},"row":2,"col":4,"keycodes":[{"id":"KC_R","fields":[]},{"id":"KC_TRNS","fields":[]},{"id":"KC_TRNS","fields":[]},{"id":"KC_TRNS","fields":[]},{"id":"KC_TRNS","fields":[]},{"id":"KC_TRNS","fields":[]},{"id":"KC_TRNS","fields":[]},{"id":"KC_TRNS","fields":[]},{"id":"KC_TRNS","fields":[]},{"id":"KC_TRNS","fields":[]},{"id":"KC_TRNS","fields":[]},{"id":"KC_TRNS","fields":[]},{"id":"KC_TRNS","fields":[]},{"id":"KC_TRNS","fields":[]},{"id":"KC_TRNS","fields":[]},{"id":"KC_TRNS","fields":[]}]},{"id":43,"legend":"","state":{"x":6,"y":2.75,"r":0,"rx":0,"ry":0,"w":1,"h":1,"x2":0,"y2":0,"w2":0,"h2":0,"t":"#8f0000","f":3,"c":"#ababab","a":7,"l":true},"row":2,"col":6,"keycodes":[{"id":"KC_T","fields":[]},{"id":"KC_TRNS","fields":[]},{"id":"KC_TRNS","fields":[]},{"id":"KC_TRNS","fields":[]},{"id":"KC_TRNS","fields":[]},{"id":"KC_TRNS","fields":[]},{"id":"KC_TRNS","fields":[]},{"id":"KC_TRNS","fields":[]},{"id":"KC_TRNS","fields":[]},{"id":"KC_TRNS","fields":[]},{"id":"KC_TRNS","fields":[]},{"id":"KC_TRNS","fields":[]},{"id":"KC_TRNS","fields":[]},{"id":"KC_TRNS","fields":[]},{"id":"KC_TRNS","fields":[]},{"id":"KC_TRNS","fields":[]}]},{"id":44,"legend":"","state":{"x":7,"y":2.75,"r":0,"rx":0,"ry":0,"w":1,"h":1,"x2":0,"y2":0,"w2":0,"h2":0,"t":"#8f0000","f":3,"c":"#ababab","a":7,"l":true},"row":2,"col":5,"keycodes":[{"id":"KC_Y","fields":[]},{"id":"KC_TRNS","fields":[]},{"id":"KC_TRNS","fields":[]},{"id":"KC_TRNS","fields":[]},{"id":"KC_TRNS","fields":[]},{"id":"KC_TRNS","fields":[]},{"id":"KC_TRNS","fields":[]},{"id":"KC_TRNS","fields":[]},{"id":"KC_TRNS","fields":[]},{"id":"KC_TRNS","fields":[]},{"id":"KC_TRNS","fields":[]},{"id":"KC_TRNS","fields":[]},{"id":"KC_TRNS","fields":[]},{"id":"KC_TRNS","fields":[]},{"id":"KC_TRNS","fields":[]},{"id":"KC_TRNS","fields":[]}]},{"id":45,"legend":"","state":{"x":8,"y":2.75,"r":0,"rx":0,"ry":0,"w":1,"h":1,"x2":0,"y2":0,"w2":0,"h2":0,"t":"#8f0000","f":3,"c":"#ababab","a":7,"l":true},"row":2,"col":1,"keycodes":[{"id":"KC_U","fields":[]},{"id":"KC_TRNS","fields":[]},{"id":"KC_TRNS","fields":[]},{"id":"KC_TRNS","fields":[]},{"id":"KC_TRNS","fields":[]},{"id":"KC_TRNS","fields":[]},{"id":"KC_TRNS","fields":[]},{"id":"KC_TRNS","fields":[]},{"id":"KC_TRNS","fields":[]},{"id":"KC_TRNS","fields":[]},{"id":"KC_TRNS","fields":[]},{"id":"KC_TRNS","fields":[]},{"id":"KC_TRNS","fields":[]},{"id":"KC_TRNS","fields":[]},{"id":"KC_TRNS","fields":[]},{"id":"KC_TRNS","fields":[]}]},{"id":46,"legend":"","state":{"x":9,"y":2.75,"r":0,"rx":0,"ry":0,"w":1,"h":1,"x2":0,"y2":0,"w2":0,"h2":0,"t":"#8f0000","f":3,"c":"#ababab","a":7,"l":true},"row":13,"col":1,"keycodes":[{"id":"KC_I","fields":[]},{"id":"KC_TRNS","fields":[]},{"id":"KC_TRNS","fields":[]},{"id":"KC_TRNS","fields":[]},{"id":"KC_TRNS","fields":[]},{"id":"KC_TRNS","fields":[]},{"id":"KC_TRNS","fields":[]},{"id":"KC_TRNS","fields":[]},{"id":"KC_TRNS","fields":[]},{"id":"KC_TRNS","fields":[]},{"id":"KC_TRNS","fields":[]},{"id":"KC_TRNS","fields":[]},{"id":"KC_TRNS","fields":[]},{"id":"KC_TRNS","fields":[]},{"id":"KC_TRNS","fields":[]},{"id":"KC_TRNS","fields":[]}]},{"id":47,"legend":"","state":{"x":10,"y":2.75,"r":0,"rx":0,"ry":0,"w":1,"h":1,"x2":0,"y2":0,"w2":0,"h2":0,"t":"#8f0000","f":3,"c":"#ababab","a":7,"l":true},"row":13,"col":5,"keycodes":[{"id":"KC_O","fields":[]},{"id":"KC_TRNS","fields":[]},{"id":"KC_TRNS","fields":[]},{"id":"KC_TRNS","fields":[]},{"id":"KC_TRNS","fields":[]},{"id":"KC_TRNS","fields":[]},{"id":"KC_TRNS","fields":[]},{"id":"KC_TRNS","fields":[]},{"id":"KC_TRNS","fields":[]},{"id":"KC_TRNS","fields":[]},{"id":"KC_TRNS","fields":[]},{"id":"KC_TRNS","fields":[]},{"id":"KC_TRNS","fields":[]},{"id":"KC_TRNS","fields":[]},{"id":"KC_TRNS","fields":[]},{"id":"KC_TRNS","fields":[]}]},{"id":48,"legend":"","state":{"x":11,"y":2.75,"r":0,"rx":0,"ry":0,"w":1,"h":1,"x2":0,"y2":0,"w2":0,"h2":0,"t":"#8f0000","f":3,"c":"#ababab","a":7,"l":true},"row":13,"col":6,"keycodes":[{"id":"KC_P","fields":[]},{"id":"KC_TRNS","fields":[]},{"id":"KC_TRNS","fields":[]},{"id":"KC_TRNS","fields":[]},{"id":"KC_TRNS","fields":[]},{"id":"KC_TRNS","fields":[]},{"id":"KC_TRNS","fields":[]},{"id":"KC_TRNS","fields":[]},{"id":"KC_TRNS","fields":[]},{"id":"KC_TRNS","fields":[]},{"id":"KC_TRNS","fields":[]},{"id":"KC_TRNS","fields":[]},{"id":"KC_TRNS","fields":[]},{"id":"KC_TRNS","fields":[]},{"id":"KC_TRNS","fields":[]},{"id":"KC_TRNS","fields":[]}]},{"id":49,"legend":"","state":{"x":12,"y":2.75,"r":0,"rx":0,"ry":0,"w":1,"h":1,"x2":0,"y2":0,"w2":0,"h2":0,"t":"#8f0000","f":3,"c":"#ababab","a":7,"l":true},"row":13,"col":4,"keycodes":[{"id":"KC_LBRC","fields":[]},{"id":"KC_TRNS","fields":[]},{"id":"KC_TRNS","fields":[]},{"id":"KC_TRNS","fields":[]},{"id":"KC_TRNS","fields":[]},{"id":"KC_TRNS","fields":[]},{"id":"KC_TRNS","fields":[]},{"id":"KC_TRNS","fields":[]},{"id":"KC_TRNS","fields":[]},{"id":"KC_TRNS","fields":[]},{"id":"KC_TRNS","fields":[]},{"id":"KC_TRNS","fields":[]},{"id":"KC_TRNS","fields":[]},{"id":"KC_TRNS","fields":[]},{"id":"KC_TRNS","fields":[]},{"id":"KC_TRNS","fields":[]}]},{"id":50,"legend":"","state":{"x":13,"y":2.75,"r":0,"rx":0,"ry":0,"w":1,"h":1,"x2":0,"y2":0,"w2":0,"h2":0,"t":"#8f0000","f":3,"c":"#ababab","a":7,"l":true},"row":13,"col":7,"keycodes":[{"id":"KC_RBRC","fields":[]},{"id":"KC_TRNS","fields":[]},{"id":"KC_TRNS","fields":[]},{"id":"KC_TRNS","fields":[]},{"id":"KC_TRNS","fields":[]},{"id":"KC_TRNS","fields":[]},{"id":"KC_TRNS","fields":[]},{"id":"KC_TRNS","fields":[]},{"id":"KC_TRNS","fields":[]},{"id":"KC_TRNS","fields":[]},{"id":"KC_TRNS","fields":[]},{"id":"KC_TRNS","fields":[]},{"id":"KC_TRNS","fields":[]},{"id":"KC_TRNS","fields":[]},{"id":"KC_TRNS","fields":[]},{"id":"KC_TRNS","fields":[]}]},{"id":51,"legend":"","state":{"x":14,"y":2.75,"r":0,"rx":0,"ry":0,"w":1,"h":1,"x2":0,"y2":0,"w2":1.25,"h2":0,"t":"#8f0000","f":3,"c":"#ababab","a":7,"l":true},"row":13,"col":3,"keycodes":[{"id":"KC_BSLS","fields":[]},{"id":"KC_TRNS","fields":[]},{"id":"KC_TRNS","fields":[]},{"id":"KC_TRNS","fields":[]},{"id":"KC_TRNS","fields":[]},{"id":"KC_TRNS","fields":[]},{"id":"KC_TRNS","fields":[]},{"id":"KC_TRNS","fields":[]},{"id":"KC_TRNS","fields":[]},{"id":"KC_TRNS","fields":[]},{"id":"KC_TRNS","fields":[]},{"id":"KC_TRNS","fields":[]},{"id":"KC_TRNS","fields":[]},{"id":"KC_TRNS","fields":[]},{"id":"KC_TRNS","fields":[]},{"id":"KC_TRNS","fields":[]}]},{"id":52,"legend":"","state":{"x":15.25,"y":2.75,"r":0,"rx":0,"ry":0,"w":1,"h":1,"x2":0,"y2":0,"w2":0,"h2":0,"t":"#8f0000","f":3,"c":"#cccccc","a":7,"l":true},"row":13,"col":2,"keycodes":[{"id":"KC_HOME","fields":[]},{"id":"KC_TRNS","fields":[]},{"id":"KC_TRNS","fields":[]},{"id":"KC_TRNS","fields":[]},{"id":"KC_TRNS","fields":[]},{"id":"KC_TRNS","fields":[]},{"id":"KC_TRNS","fields":[]},{"id":"KC_TRNS","fields":[]},{"id":"KC_TRNS","fields":[]},{"id":"KC_TRNS","fields":[]},{"id":"KC_TRNS","fields":[]},{"id":"KC_TRNS","fields":[]},{"id":"KC_TRNS","fields":[]},{"id":"KC_TRNS","fields":[]},{"id":"KC_TRNS","fields":[]},{"id":"KC_TRNS","fields":[]}]},{"id":53,"legend":"","state":{"x":16.25,"y":2.75,"r":0,"rx":0,"ry":0,"w":1,"h":1,"x2":0,"y2":0,"w2":0,"h2":0,"t":"#8f0000","f":3,"c":"#cccccc","a":7,"l":true},"row":13,"col":0,"keycodes":[{"id":"KC_END","fields":[]},{"id":"KC_TRNS","fields":[]},{"id":"KC_TRNS","fields":[]},{"id":"KC_TRNS","fields":[]},{"id":"KC_TRNS","fields":[]},{"id":"KC_TRNS","fields":[]},{"id":"KC_TRNS","fields":[]},{"id":"KC_TRNS","fields":[]},{"id":"KC_TRNS","fields":[]},{"id":"KC_TRNS","fields":[]},{"id":"KC_TRNS","fields":[]},{"id":"KC_TRNS","fields":[]},{"id":"KC_TRNS","fields":[]},{"id":"KC_TRNS","fields":[]},{"id":"KC_TRNS","fields":[]},{"id":"KC_TRNS","fields":[]}]},{"id":54,"legend":"","state":{"x":18,"y":2.75,"r":0,"rx":0,"ry":0,"w":1,"h":0.75,"x2":0,"y2":0,"w2":0,"h2":1,"t":"#8f0000","f":3,"c":"#ababab","a":7,"l":true},"row":6,"col":5,"keycodes":[{"id":"KC_P7","fields":[]},{"id":"KC_TRNS","fields":[]},{"id":"KC_TRNS","fields":[]},{"id":"KC_TRNS","fields":[]},{"id":"KC_TRNS","fields":[]},{"id":"KC_TRNS","fields":[]},{"id":"KC_TRNS","fields":[]},{"id":"KC_TRNS","fields":[]},{"id":"KC_TRNS","fields":[]},{"id":"KC_TRNS","fields":[]},{"id":"KC_TRNS","fields":[]},{"id":"KC_TRNS","fields":[]},{"id":"KC_TRNS","fields":[]},{"id":"KC_TRNS","fields":[]},{"id":"KC_TRNS","fields":[]},{"id":"KC_TRNS","fields":[]}]},{"id":55,"legend":"","state":{"x":19,"y":2.75,"r":0,"rx":0,"ry":0,"w":1,"h":0.75,"x2":0,"y2":0,"w2":0,"h2":1,"t":"#8f0000","f":3,"c":"#ababab","a":7,"l":true},"row":6,"col":4,"keycodes":[{"id":"KC_P8","fields":[]},{"id":"KC_TRNS","fields":[]},{"id":"KC_TRNS","fields":[]},{"id":"KC_TRNS","fields":[]},{"id":"KC_TRNS","fields":[]},{"id":"KC_TRNS","fields":[]},{"id":"KC_TRNS","fields":[]},{"id":"KC_TRNS","fields":[]},{"id":"KC_TRNS","fields":[]},{"id":"KC_TRNS","fields":[]},{"id":"KC_TRNS","fields":[]},{"id":"KC_TRNS","fields":[]},{"id":"KC_TRNS","fields":[]},{"id":"KC_TRNS","fields":[]},{"id":"KC_TRNS","fields":[]},{"id":"KC_TRNS","fields":[]}]},{"id":56,"legend":"","state":{"x":20,"y":2.75,"r":0,"rx":0,"ry":0,"w":1,"h":0.75,"x2":0,"y2":0,"w2":0,"h2":1,"t":"#8f0000","f":3,"c":"#ababab","a":7,"l":true},"row":6,"col":3,"keycodes":[{"id":"KC_P9","fields":[]},{"id":"KC_TRNS","fields":[]},{"id":"KC_TRNS","fields":[]},{"id":"KC_TRNS","fields":[]},{"id":"KC_TRNS","fields":[]},{"id":"KC_TRNS","fields":[]},{"id":"KC_TRNS","fields":[]},{"id":"KC_TRNS","fields":[]},{"id":"KC_TRNS","fields":[]},{"id":"KC_TRNS","fields":[]},{"id":"KC_TRNS","fields":[]},{"id":"KC_TRNS","fields":[]},{"id":"KC_TRNS","fields":[]},{"id":"KC_TRNS","fields":[]},{"id":"KC_TRNS","fields":[]},{"id":"KC_TRNS","fields":[]}]},{"id":57,"legend":"","state":{"x":21,"y":2.75,"r":0,"rx":0,"ry":0,"w":1,"h":0.75,"x2":0,"y2":0,"w2":0,"h2":1,"t":"#8f0000","f":3,"c":"#cccccc","a":7,"l":true},"row":6,"col":0,"keycodes":[{"id":"KC_PEQL","fields":[]},{"id":"KC_TRNS","fields":[]},{"id":"KC_TRNS","fields":[]},{"id":"KC_TRNS","fields":[]},{"id":"KC_TRNS","fields":[]},{"id":"KC_TRNS","fields":[]},{"id":"KC_TRNS","fields":[]},{"id":"KC_TRNS","fields":[]},{"id":"KC_TRNS","fields":[]},{"id":"KC_TRNS","fields":[]},{"id":"KC_TRNS","fields":[]},{"id":"KC_TRNS","fields":[]},{"id":"KC_TRNS","fields":[]},{"id":"KC_TRNS","fields":[]},{"id":"KC_TRNS","fields":[]},{"id":"KC_TRNS","fields":[]}]},{"id":58,"legend":"","state":{"x":0.25,"y":3.75,"r":0,"rx":0,"ry":0,"w":1,"h":1,"x2":0,"y2":0,"w2":0,"h2":0,"t":"#8f0000","f":3,"c":"#ababab","a":7,"l":true},"row":3,"col":3,"keycodes":[{"id":"KC_CAPS","fields":[]},{"id":"KC_TRNS","fields":[]},{"id":"KC_TRNS","fields":[]},{"id":"KC_TRNS","fields":[]},{"id":"KC_TRNS","fields":[]},{"id":"KC_TRNS","fields":[]},{"id":"KC_TRNS","fields":[]},{"id":"KC_TRNS","fields":[]},{"id":"KC_TRNS","fields":[]},{"id":"KC_TRNS","fields":[]},{"id":"KC_TRNS","fields":[]},{"id":"KC_TRNS","fields":[]},{"id":"KC_TRNS","fields":[]},{"id":"KC_TRNS","fields":[]},{"id":"KC_TRNS","fields":[]},{"id":"KC_TRNS","fields":[]}]},{"id":59,"legend":"","state":{"x":1.25,"y":3.75,"r":0,"rx":0,"ry":0,"w":1,"h":1,"x2":0,"y2":0,"w2":0,"h2":0,"t":"#8f0000","f":3,"c":"#ababab","a":7,"l":true},"row":9,"col":3,"keycodes":[{"id":"KC_LCTL","fields":[]},{"id":"KC_TRNS","fields":[]},{"id":"KC_TRNS","fields":[]},{"id":"KC_TRNS","fields":[]},{"id":"KC_TRNS","fields":[]},{"id":"KC_TRNS","fields":[]},{"id":"KC_TRNS","fields":[]},{"id":"KC_TRNS","fields":[]},{"id":"KC_TRNS","fields":[]},{"id":"KC_TRNS","fields":[]},{"id":"KC_TRNS","fields":[]},{"id":"KC_TRNS","fields":[]},{"id":"KC_TRNS","fields":[]},{"id":"KC_TRNS","fields":[]},{"id":"KC_TRNS","fields":[]},{"id":"KC_TRNS","fields":[]}]},{"id":60,"legend":"","state":{"x":2.25,"y":3.75,"r":0,"rx":0,"ry":0,"w":1,"h":1,"x2":0,"y2":0,"w2":0,"h2":0,"t":"#8f0000","f":3,"c":"#ababab","a":7,"l":true},"row":4,"col":3,"keycodes":[{"id":"KC_A","fields":[]},{"id":"KC_TRNS","fields":[]},{"id":"KC_TRNS","fields":[]},{"id":"KC_TRNS","fields":[]},{"id":"KC_TRNS","fields":[]},{"id":"KC_TRNS","fields":[]},{"id":"KC_TRNS","fields":[]},{"id":"KC_TRNS","fields":[]},{"id":"KC_TRNS","fields":[]},{"id":"KC_TRNS","fields":[]},{"id":"KC_TRNS","fields":[]},{"id":"KC_TRNS","fields":[]},{"id":"KC_TRNS","fields":[]},{"id":"KC_TRNS","fields":[]},{"id":"KC_TRNS","fields":[]},{"id":"KC_TRNS","fields":[]}]},{"id":61,"legend":"","state":{"x":3.25,"y":3.75,"r":0,"rx":0,"ry":0,"w":1,"h":1,"x2":0,"y2":0,"w2":0,"h2":0,"t":"#8f0000","f":3,"c":"#ababab","a":7,"l":true},"row":4,"col":7,"keycodes":[{"id":"KC_S","fields":[]},{"id":"KC_TRNS","fields":[]},{"id":"KC_TRNS","fields":[]},{"id":"KC_TRNS","fields":[]},{"id":"KC_TRNS","fields":[]},{"id":"KC_TRNS","fields":[]},{"id":"KC_TRNS","fields":[]},{"id":"KC_TRNS","fields":[]},{"id":"KC_TRNS","fields":[]},{"id":"KC_TRNS","fields":[]},{"id":"KC_TRNS","fields":[]},{"id":"KC_TRNS","fields":[]},{"id":"KC_TRNS","fields":[]},{"id":"KC_TRNS","fields":[]},{"id":"KC_TRNS","fields":[]},{"id":"KC_TRNS","fields":[]}]},{"id":62,"legend":"","state":{"x":4.25,"y":3.75,"r":0,"rx":0,"ry":0,"w":1,"h":1,"x2":0,"y2":0,"w2":0,"h2":0,"t":"#8f0000","f":3,"c":"#ababab","a":7,"l":true},"row":4,"col":4,"keycodes":[{"id":"KC_D","fields":[]},{"id":"KC_TRNS","fields":[]},{"id":"KC_TRNS","fields":[]},{"id":"KC_TRNS","fields":[]},{"id":"KC_TRNS","fields":[]},{"id":"KC_TRNS","fields":[]},{"id":"KC_TRNS","fields":[]},{"id":"KC_TRNS","fields":[]},{"id":"KC_TRNS","fields":[]},{"id":"KC_TRNS","fields":[]},{"id":"KC_TRNS","fields":[]},{"id":"KC_TRNS","fields":[]},{"id":"KC_TRNS","fields":[]},{"id":"KC_TRNS","fields":[]},{"id":"KC_TRNS","fields":[]},{"id":"KC_TRNS","fields":[]}]},{"id":63,"legend":"","state":{"x":5.25,"y":3.75,"r":0,"rx":0,"ry":0,"w":1,"h":1,"x2":0,"y2":0,"w2":0,"h2":0,"t":"#8f0000","f":3,"c":"#ababab","a":7,"l":true},"row":4,"col":6,"keycodes":[{"id":"KC_F","fields":[]},{"id":"KC_TRNS","fields":[]},{"id":"KC_TRNS","fields":[]},{"id":"KC_TRNS","fields":[]},{"id":"KC_TRNS","fields":[]},{"id":"KC_TRNS","fields":[]},{"id":"KC_TRNS","fields":[]},{"id":"KC_TRNS","fields":[]},{"id":"KC_TRNS","fields":[]},{"id":"KC_TRNS","fields":[]},{"id":"KC_TRNS","fields":[]},{"id":"KC_TRNS","fields":[]},{"id":"KC_TRNS","fields":[]},{"id":"KC_TRNS","fields":[]},{"id":"KC_TRNS","fields":[]},{"id":"KC_TRNS","fields":[]}]},{"id":64,"legend":"","state":{"x":6.25,"y":3.75,"r":0,"rx":0,"ry":0,"w":1,"h":1,"x2":0,"y2":0,"w2":0,"h2":0,"t":"#8f0000","f":3,"c":"#ababab","a":7,"l":true},"row":9,"col":0,"keycodes":[{"id":"KC_G","fields":[]},{"id":"KC_TRNS","fields":[]},{"id":"KC_TRNS","fields":[]},{"id":"KC_TRNS","fields":[]},{"id":"KC_TRNS","fields":[]},{"id":"KC_TRNS","fields":[]},{"id":"KC_TRNS","fields":[]},{"id":"KC_TRNS","fields":[]},{"id":"KC_TRNS","fields":[]},{"id":"KC_TRNS","fields":[]},{"id":"KC_TRNS","fields":[]},{"id":"KC_TRNS","fields":[]},{"id":"KC_TRNS","fields":[]},{"id":"KC_TRNS","fields":[]},{"id":"KC_TRNS","fields":[]},{"id":"KC_TRNS","fields":[]}]},{"id":65,"legend":"","state":{"x":7.25,"y":3.75,"r":0,"rx":0,"ry":0,"w":1,"h":1,"x2":0,"y2":0,"w2":0,"h2":0,"t":"#8f0000","f":3,"c":"#ababab","a":7,"l":true},"row":4,"col":1,"keycodes":[{"id":"KC_H","fields":[]},{"id":"KC_TRNS","fields":[]},{"id":"KC_TRNS","fields":[]},{"id":"KC_TRNS","fields":[]},{"id":"KC_TRNS","fields":[]},{"id":"KC_TRNS","fields":[]},{"id":"KC_TRNS","fields":[]},{"id":"KC_TRNS","fields":[]},{"id":"KC_TRNS","fields":[]},{"id":"KC_TRNS","fields":[]},{"id":"KC_TRNS","fields":[]},{"id":"KC_TRNS","fields":[]},{"id":"KC_TRNS","fields":[]},{"id":"KC_TRNS","fields":[]},{"id":"KC_TRNS","fields":[]},{"id":"KC_TRNS","fields":[]}]},{"id":66,"legend":"","state":{"x":8.25,"y":3.75,"r":0,"rx":0,"ry":0,"w":1,"h":1,"x2":0,"y2":0,"w2":0,"h2":0,"t":"#8f0000","f":3,"c":"#ababab","a":7,"l":true},"row":11,"col":1,"keycodes":[{"id":"KC_J","fields":[]},{"id":"KC_TRNS","fields":[]},{"id":"KC_TRNS","fields":[]},{"id":"KC_TRNS","fields":[]},{"id":"KC_TRNS","fields":[]},{"id":"KC_TRNS","fields":[]},{"id":"KC_TRNS","fields":[]},{"id":"KC_TRNS","fields":[]},{"id":"KC_TRNS","fields":[]},{"id":"KC_TRNS","fields":[]},{"id":"KC_TRNS","fields":[]},{"id":"KC_TRNS","fields":[]},{"id":"KC_TRNS","fields":[]},{"id":"KC_TRNS","fields":[]},{"id":"KC_TRNS","fields":[]},{"id":"KC_TRNS","fields":[]}]},{"id":67,"legend":"","state":{"x":9.25,"y":3.75,"r":0,"rx":0,"ry":0,"w":1,"h":1,"x2":0,"y2":0,"w2":0,"h2":0,"t":"#8f0000","f":3,"c":"#ababab","a":7,"l":true},"row":11,"col":5,"keycodes":[{"id":"KC_K","fields":[]},{"id":"KC_TRNS","fields":[]},{"id":"KC_TRNS","fields":[]},{"id":"KC_TRNS","fields":[]},{"id":"KC_TRNS","fields":[]},{"id":"KC_TRNS","fields":[]},{"id":"KC_TRNS","fields":[]},{"id":"KC_TRNS","fields":[]},{"id":"KC_TRNS","fields":[]},{"id":"KC_TRNS","fields":[]},{"id":"KC_TRNS","fields":[]},{"id":"KC_TRNS","fields":[]},{"id":"KC_TRNS","fields":[]},{"id":"KC_TRNS","fields":[]},{"id":"KC_TRNS","fields":[]},{"id":"KC_TRNS","fields":[]}]},{"id":68,"legend":"","state":{"x":10.25,"y":3.75,"r":0,"rx":0,"ry":0,"w":1,"h":1,"x2":0,"y2":0,"w2":0,"h2":0,"t":"#8f0000","f":3,"c":"#ababab","a":7,"l":true},"row":11,"col":6,"keycodes":[{"id":"KC_L","fields":[]},{"id":"KC_TRNS","fields":[]},{"id":"KC_TRNS","fields":[]},{"id":"KC_TRNS","fields":[]},{"id":"KC_TRNS","fields":[]},{"id":"KC_TRNS","fields":[]},{"id":"KC_TRNS","fields":[]},{"id":"KC_TRNS","fields":[]},{"id":"KC_TRNS","fields":[]},{"id":"KC_TRNS","fields":[]},{"id":"KC_TRNS","fields":[]},{"id":"KC_TRNS","fields":[]},{"id":"KC_TRNS","fields":[]},{"id":"KC_TRNS","fields":[]},{"id":"KC_TRNS","fields":[]},{"id":"KC_TRNS","fields":[]}]},{"id":69,"legend":"","state":{"x":11.25,"y":3.75,"r":0,"rx":0,"ry":0,"w":1,"h":1,"x2":0,"y2":0,"w2":0,"h2":0,"t":"#8f0000","f":3,"c":"#ababab","a":7,"l":true},"row":11,"col":4,"keycodes":[{"id":"KC_SCLN","fields":[]},{"id":"KC_TRNS","fields":[]},{"id":"KC_TRNS","fields":[]},{"id":"KC_TRNS","fields":[]},{"id":"KC_TRNS","fields":[]},{"id":"KC_TRNS","fields":[]},{"id":"KC_TRNS","fields":[]},{"id":"KC_TRNS","fields":[]},{"id":"KC_TRNS","fields":[]},{"id":"KC_TRNS","fields":[]},{"id":"KC_TRNS","fields":[]},{"id":"KC_TRNS","fields":[]},{"id":"KC_TRNS","fields":[]},{"id":"KC_TRNS","fields":[]},{"id":"KC_TRNS","fields":[]},{"id":"KC_TRNS","fields":[]}]},{"id":70,"legend":"","state":{"x":12.25,"y":3.75,"r":0,"rx":0,"ry":0,"w":1,"h":1,"x2":0,"y2":0,"w2":0,"h2":0,"t":"#8f0000","f":3,"c":"#ababab","a":7,"l":true},"row":11,"col":7,"keycodes":[{"id":"KC_QUOT","fields":[]},{"id":"KC_TRNS","fields":[]},{"id":"KC_TRNS","fields":[]},{"id":"KC_TRNS","fields":[]},{"id":"KC_TRNS","fields":[]},{"id":"KC_TRNS","fields":[]},{"id":"KC_TRNS","fields":[]},{"id":"KC_TRNS","fields":[]},{"id":"KC_TRNS","fields":[]},{"id":"KC_TRNS","fields":[]},{"id":"KC_TRNS","fields":[]},{"id":"KC_TRNS","fields":[]},{"id":"KC_TRNS","fields":[]},{"id":"KC_TRNS","fields":[]},{"id":"KC_TRNS","fields":[]},{"id":"KC_TRNS","fields":[]}]},{"id":71,"legend":"","state":{"x":13.25,"y":3.75,"r":0,"rx":0,"ry":0,"w":2,"h":1,"x2":0,"y2":0,"w2":0,"h2":0,"t":"#8f0000","f":3,"c":"#ababab","a":7,"l":true},"row":11,"col":3,"keycodes":[{"id":"KC_ENT","fields":[]},{"id":"KC_TRNS","fields":[]},{"id":"KC_TRNS","fields":[]},{"id":"KC_TRNS","fields":[]},{"id":"KC_TRNS","fields":[]},{"id":"KC_TRNS","fields":[]},{"id":"KC_TRNS","fields":[]},{"id":"KC_TRNS","fields":[]},{"id":"KC_TRNS","fields":[]},{"id":"KC_TRNS","fields":[]},{"id":"KC_TRNS","fields":[]},{"id":"KC_TRNS","fields":[]},{"id":"KC_TRNS","fields":[]},{"id":"KC_TRNS","fields":[]},{"id":"KC_TRNS","fields":[]},{"id":"KC_TRNS","fields":[]}]},{"id":72,"legend":"","state":{"x":15.25,"y":3.75,"r":0,"rx":0,"ry":0,"w":1,"h":1,"x2":0,"y2":0,"w2":0,"h2":0,"t":"#8f0000","f":3,"c":"#cccccc","a":7,"l":true},"row":11,"col":2,"keycodes":[{"id":"KC_SPC","fields":[]},{"id":"KC_TRNS","fields":[]},{"id":"KC_TRNS","fields":[]},{"id":"KC_TRNS","fields":[]},{"id":"KC_TRNS","fields":[]},{"id":"KC_TRNS","fields":[]},{"id":"KC_TRNS","fields":[]},{"id":"KC_TRNS","fields":[]},{"id":"KC_TRNS","fields":[]},{"id":"KC_TRNS","fields":[]},{"id":"KC_TRNS","fields":[]},{"id":"KC_TRNS","fields":[]},{"id":"KC_TRNS","fields":[]},{"id":"KC_TRNS","fields":[]},{"id":"KC_TRNS","fields":[]},{"id":"KC_TRNS","fields":[]}]},{"id":73,"legend":"","state":{"x":16.25,"y":3.75,"r":0,"rx":0,"ry":0,"w":1,"h":1,"x2":0,"y2":0,"w2":0,"h2":0,"t":"#8f0000","f":3,"c":"#cccccc","a":7,"l":true},"row":11,"col":0,"keycodes":[{"id":"KC_PGUP","fields":[]},{"id":"KC_TRNS","fields":[]},{"id":"KC_TRNS","fields":[]},{"id":"KC_TRNS","fields":[]},{"id":"KC_TRNS","fields":[]},{"id":"KC_TRNS","fields":[]},{"id":"KC_TRNS","fields":[]},{"id":"KC_TRNS","fields":[]},{"id":"KC_TRNS","fields":[]},{"id":"KC_TRNS","fields":[]},{"id":"KC_TRNS","fields":[]},{"id":"KC_TRNS","fields":[]},{"id":"KC_TRNS","fields":[]},{"id":"KC_TRNS","fields":[]},{"id":"KC_TRNS","fields":[]},{"id":"KC_TRNS","fields":[]}]},{"id":74,"legend":"","state":{"x":18,"y":3.75,"r":0,"rx":0,"ry":0,"w":1,"h":0.75,"x2":0,"y2":0,"w2":0,"h2":1,"t":"#8f0000","f":3,"c":"#ababab","a":7,"l":true},"row":6,"col":6,"keycodes":[{"id":"KC_P4","fields":[]},{"id":"KC_TRNS","fields":[]},{"id":"KC_TRNS","fields":[]},{"id":"KC_TRNS","fields":[]},{"id":"KC_TRNS","fields":[]},{"id":"KC_TRNS","fields":[]},{"id":"KC_TRNS","fields":[]},{"id":"KC_TRNS","fields":[]},{"id":"KC_TRNS","fields":[]},{"id":"KC_TRNS","fields":[]},{"id":"KC_TRNS","fields":[]},{"id":"KC_TRNS","fields":[]},{"id":"KC_TRNS","fields":[]},{"id":"KC_TRNS","fields":[]},{"id":"KC_TRNS","fields":[]},{"id":"KC_TRNS","fields":[]}]},{"id":75,"legend":"","state":{"x":19,"y":3.75,"r":0,"rx":0,"ry":0,"w":1,"h":0.75,"x2":0,"y2":0,"w2":0,"h2":1,"t":"#8f0000","f":3,"c":"#ababab","a":7,"l":true},"row":6,"col":7,"keycodes":[{"id":"KC_P5","fields":[]},{"id":"KC_TRNS","fields":[]},{"id":"KC_TRNS","fields":[]},{"id":"KC_TRNS","fields":[]},{"id":"KC_TRNS","fields":[]},{"id":"KC_TRNS","fields":[]},{"id":"KC_TRNS","fields":[]},{"id":"KC_TRNS","fields":[]},{"id":"KC_TRNS","fields":[]},{"id":"KC_TRNS","fields":[]},{"id":"KC_TRNS","fields":[]},{"id":"KC_TRNS","fields":[]},{"id":"KC_TRNS","fields":[]},{"id":"KC_TRNS","fields":[]},{"id":"KC_TRNS","fields":[]},{"id":"KC_TRNS","fields":[]}]},{"id":76,"legend":"","state":{"x":20,"y":3.75,"r":0,"rx":0,"ry":0,"w":1,"h":0.75,"x2":0,"y2":0,"w2":0,"h2":1,"t":"#8f0000","f":3,"c":"#ababab","a":7,"l":true},"row":6,"col":2,"keycodes":[{"id":"KC_P6","fields":[]},{"id":"KC_TRNS","fields":[]},{"id":"KC_TRNS","fields":[]},{"id":"KC_TRNS","fields":[]},{"id":"KC_TRNS","fields":[]},{"id":"KC_TRNS","fields":[]},{"id":"KC_TRNS","fields":[]},{"id":"KC_TRNS","fields":[]},{"id":"KC_TRNS","fields":[]},{"id":"KC_TRNS","fields":[]},{"id":"KC_TRNS","fields":[]},{"id":"KC_TRNS","fields":[]},{"id":"KC_TRNS","fields":[]},{"id":"KC_TRNS","fields":[]},{"id":"KC_TRNS","fields":[]},{"id":"KC_TRNS","fields":[]}]},{"id":77,"legend":"","state":{"x":21,"y":3.75,"r":0,"rx":0,"ry":0,"w":1,"h":0.75,"x2":0,"y2":0,"w2":0,"h2":1,"t":"#8f0000","f":3,"c":"#cccccc","a":7,"l":true},"row":6,"col":1,"keycodes":[{"id":"KC_COMM","fields":[]},{"id":"KC_TRNS","fields":[]},{"id":"KC_TRNS","fields":[]},{"id":"KC_TRNS","fields":[]},{"id":"KC_TRNS","fields":[]},{"id":"KC_TRNS","fields":[]},{"id":"KC_TRNS","fields":[]},{"id":"KC_TRNS","fields":[]},{"id":"KC_TRNS","fields":[]},{"id":"KC_TRNS","fields":[]},{"id":"KC_TRNS","fields":[]},{"id":"KC_TRNS","fields":[]},{"id":"KC_TRNS","fields":[]},{"id":"KC_TRNS","fields":[]},{"id":"KC_TRNS","fields":[]},{"id":"KC_TRNS","fields":[]}]},{"id":78,"legend":"","state":{"x":0.25,"y":4.75,"r":0,"rx":0,"ry":0,"w":1,"h":1,"x2":0,"y2":0,"w2":0,"h2":0,"t":"#8f0000","f":3,"c":"#cccccc","a":7,"l":true},"row":0,"col":0,"keycodes":[{"id":"KC_ESC","fields":[]},{"id":"KC_TRNS","fields":[]},{"id":"KC_TRNS","fields":[]},{"id":"KC_TRNS","fields":[]},{"id":"KC_TRNS","fields":[]},{"id":"KC_TRNS","fields":[]},{"id":"KC_TRNS","fields":[]},{"id":"KC_TRNS","fields":[]},{"id":"KC_TRNS","fields":[]},{"id":"KC_TRNS","fields":[]},{"id":"KC_TRNS","fields":[]},{"id":"KC_TRNS","fields":[]},{"id":"KC_TRNS","fields":[]},{"id":"KC_TRNS","fields":[]},{"id":"KC_TRNS","fields":[]},{"id":"KC_TRNS","fields":[]}]},{"id":79,"legend":"","state":{"x":1.25,"y":4.75,"r":0,"rx":0,"ry":0,"w":1.25,"h":1,"x2":0,"y2":0,"w2":1.5,"h2":0,"t":"#8f0000","f":3,"c":"#ababab","a":7,"l":true},"row":3,"col":0,"keycodes":[{"id":"KC_LSFT","fields":[]},{"id":"KC_TRNS","fields":[]},{"id":"KC_TRNS","fields":[]},{"id":"KC_TRNS","fields":[]},{"id":"KC_TRNS","fields":[]},{"id":"KC_TRNS","fields":[]},{"id":"KC_TRNS","fields":[]},{"id":"KC_TRNS","fields":[]},{"id":"KC_TRNS","fields":[]},{"id":"KC_TRNS","fields":[]},{"id":"KC_TRNS","fields":[]},{"id":"KC_TRNS","fields":[]},{"id":"KC_TRNS","fields":[]},{"id":"KC_TRNS","fields":[]},{"id":"KC_TRNS","fields":[]},{"id":"KC_TRNS","fields":[]}]},{"id":80,"legend":"","state":{"x":2.75,"y":4.75,"r":0,"rx":0,"ry":0,"w":1,"h":1,"x2":0,"y2":0,"w2":0,"h2":0,"t":"#8f0000","f":3,"c":"#ababab","a":7,"l":true},"row":0,"col":3,"keycodes":[{"id":"KC_Z","fields":[]},{"id":"KC_TRNS","fields":[]},{"id":"KC_TRNS","fields":[]},{"id":"KC_TRNS","fields":[]},{"id":"KC_TRNS","fields":[]},{"id":"KC_TRNS","fields":[]},{"id":"KC_TRNS","fields":[]},{"id":"KC_TRNS","fields":[]},{"id":"KC_TRNS","fields":[]},{"id":"KC_TRNS","fields":[]},{"id":"KC_TRNS","fields":[]},{"id":"KC_TRNS","fields":[]},{"id":"KC_TRNS","fields":[]},{"id":"KC_TRNS","fields":[]},{"id":"KC_TRNS","fields":[]},{"id":"KC_TRNS","fields":[]}]},{"id":81,"legend":"","state":{"x":3.75,"y":4.75,"r":0,"rx":0,"ry":0,"w":1,"h":1,"x2":0,"y2":0,"w2":0,"h2":0,"t":"#8f0000","f":3,"c":"#ababab","a":7,"l":true},"row":0,"col":7,"keycodes":[{"id":"KC_X","fields":[]},{"id":"KC_TRNS","fields":[]},{"id":"KC_TRNS","fields":[]},{"id":"KC_TRNS","fields":[]},{"id":"KC_TRNS","fields":[]},{"id":"KC_TRNS","fields":[]},{"id":"KC_TRNS","fields":[]},{"id":"KC_TRNS","fields":[]},{"id":"KC_TRNS","fields":[]},{"id":"KC_TRNS","fields":[]},{"id":"KC_TRNS","fields":[]},{"id":"KC_TRNS","fields":[]},{"id":"KC_TRNS","fields":[]},{"id":"KC_TRNS","fields":[]},{"id":"KC_TRNS","fields":[]},{"id":"KC_TRNS","fields":[]}]},{"id":82,"legend":"","state":{"x":4.75,"y":4.75,"r":0,"rx":0,"ry":0,"w":1,"h":1,"x2":0,"y2":0,"w2":0,"h2":0,"t":"#8f0000","f":3,"c":"#ababab","a":7,"l":true},"row":0,"col":4,"keycodes":[{"id":"KC_C","fields":[]},{"id":"KC_TRNS","fields":[]},{"id":"KC_TRNS","fields":[]},{"id":"KC_TRNS","fields":[]},{"id":"KC_TRNS","fields":[]},{"id":"KC_TRNS","fields":[]},{"id":"KC_TRNS","fields":[]},{"id":"KC_TRNS","fields":[]},{"id":"KC_TRNS","fields":[]},{"id":"KC_TRNS","fields":[]},{"id":"KC_TRNS","fields":[]},{"id":"KC_TRNS","fields":[]},{"id":"KC_TRNS","fields":[]},{"id":"KC_TRNS","fields":[]},{"id":"KC_TRNS","fields":[]},{"id":"KC_TRNS","fields":[]}]},{"id":83,"legend":"","state":{"x":5.75,"y":4.75,"r":0,"rx":0,"ry":0,"w":1,"h":1,"x2":0,"y2":0,"w2":0,"h2":0,"t":"#8f0000","f":3,"c":"#ababab","a":7,"l":true},"row":0,"col":6,"keycodes":[{"id":"KC_V","fields":[]},{"id":"KC_TRNS","fields":[]},{"id":"KC_TRNS","fields":[]},{"id":"KC_TRNS","fields":[]},{"id":"KC_TRNS","fields":[]},{"id":"KC_TRNS","fields":[]},{"id":"KC_TRNS","fields":[]},{"id":"KC_TRNS","fields":[]},{"id":"KC_TRNS","fields":[]},{"id":"KC_TRNS","fields":[]},{"id":"KC_TRNS","fields":[]},{"id":"KC_TRNS","fields":[]},{"id":"KC_TRNS","fields":[]},{"id":"KC_TRNS","fields":[]},{"id":"KC_TRNS","fields":[]},{"id":"KC_TRNS","fields":[]}]},{"id":84,"legend":"","state":{"x":6.75,"y":4.75,"r":0,"rx":0,"ry":0,"w":1,"h":1,"x2":0,"y2":0,"w2":0,"h2":0,"t":"#8f0000","f":3,"c":"#ababab","a":7,"l":true},"row":0,"col":5,"keycodes":[{"id":"KC_B","fields":[]},{"id":"KC_TRNS","fields":[]},{"id":"KC_TRNS","fields":[]},{"id":"KC_TRNS","fields":[]},{"id":"KC_TRNS","fields":[]},{"id":"KC_TRNS","fields":[]},{"id":"KC_TRNS","fields":[]},{"id":"KC_TRNS","fields":[]},{"id":"KC_TRNS","fields":[]},{"id":"KC_TRNS","fields":[]},{"id":"KC_TRNS","fields":[]},{"id":"KC_TRNS","fields":[]},{"id":"KC_TRNS","fields":[]},{"id":"KC_TRNS","fields":[]},{"id":"KC_TRNS","fields":[]},{"id":"KC_TRNS","fields":[]}]},{"id":85,"legend":"","state":{"x":7.75,"y":4.75,"r":0,"rx":0,"ry":0,"w":1,"h":1,"x2":0,"y2":0,"w2":0,"h2":0,"t":"#8f0000","f":3,"c":"#ababab","a":7,"l":true},"row":0,"col":1,"keycodes":[{"id":"KC_N","fields":[]},{"id":"KC_TRNS","fields":[]},{"id":"KC_TRNS","fields":[]},{"id":"KC_TRNS","fields":[]},{"id":"KC_TRNS","fields":[]},{"id":"KC_TRNS","fields":[]},{"id":"KC_TRNS","fields":[]},{"id":"KC_TRNS","fields":[]},{"id":"KC_TRNS","fields":[]},{"id":"KC_TRNS","fields":[]},{"id":"KC_TRNS","fields":[]},{"id":"KC_TRNS","fields":[]},{"id":"KC_TRNS","fields":[]},{"id":"KC_TRNS","fields":[]},{"id":"KC_TRNS","fields":[]},{"id":"KC_TRNS","fields":[]}]},{"id":86,"legend":"","state":{"x":8.75,"y":4.75,"r":0,"rx":0,"ry":0,"w":1,"h":1,"x2":0,"y2":0,"w2":0,"h2":0,"t":"#8f0000","f":3,"c":"#ababab","a":7,"l":true},"row":8,"col":1,"keycodes":[{"id":"KC_M","fields":[]},{"id":"KC_TRNS","fields":[]},{"id":"KC_TRNS","fields":[]},{"id":"KC_TRNS","fields":[]},{"id":"KC_TRNS","fields":[]},{"id":"KC_TRNS","fields":[]},{"id":"KC_TRNS","fields":[]},{"id":"KC_TRNS","fields":[]},{"id":"KC_TRNS","fields":[]},{"id":"KC_TRNS","fields":[]},{"id":"KC_TRNS","fields":[]},{"id":"KC_TRNS","fields":[]},{"id":"KC_TRNS","fields":[]},{"id":"KC_TRNS","fields":[]},{"id":"KC_TRNS","fields":[]},{"id":"KC_TRNS","fields":[]}]},{"id":87,"legend":"","state":{"x":9.75,"y":4.75,"r":0,"rx":0,"ry":0,"w":1,"h":1,"x2":0,"y2":0,"w2":0,"h2":0,"t":"#8f0000","f":3,"c":"#ababab","a":7,"l":true},"row":8,"col":5,"keycodes":[{"id":"KC_COMM","fields":[]},{"id":"KC_TRNS","fields":[]},{"id":"KC_TRNS","fields":[]},{"id":"KC_TRNS","fields":[]},{"id":"KC_TRNS","fields":[]},{"id":"KC_TRNS","fields":[]},{"id":"KC_TRNS","fields":[]},{"id":"KC_TRNS","fields":[]},{"id":"KC_TRNS","fields":[]},{"id":"KC_TRNS","fields":[]},{"id":"KC_TRNS","fields":[]},{"id":"KC_TRNS","fields":[]},{"id":"KC_TRNS","fields":[]},{"id":"KC_TRNS","fields":[]},{"id":"KC_TRNS","fields":[]},{"id":"KC_TRNS","fields":[]}]},{"id":88,"legend":"","state":{"x":10.75,"y":4.75,"r":0,"rx":0,"ry":0,"w":1,"h":1,"x2":0,"y2":0,"w2":0,"h2":0,"t":"#8f0000","f":3,"c":"#ababab","a":7,"l":true},"row":8,"col":6,"keycodes":[{"id":"KC_DOT","fields":[]},{"id":"KC_TRNS","fields":[]},{"id":"KC_TRNS","fields":[]},{"id":"KC_TRNS","fields":[]},{"id":"KC_TRNS","fields":[]},{"id":"KC_TRNS","fields":[]},{"id":"KC_TRNS","fields":[]},{"id":"KC_TRNS","fields":[]},{"id":"KC_TRNS","fields":[]},{"id":"KC_TRNS","fields":[]},{"id":"KC_TRNS","fields":[]},{"id":"KC_TRNS","fields":[]},{"id":"KC_TRNS","fields":[]},{"id":"KC_TRNS","fields":[]},{"id":"KC_TRNS","fields":[]},{"id":"KC_TRNS","fields":[]}]},{"id":89,"legend":"","state":{"x":11.75,"y":4.75,"r":0,"rx":0,"ry":0,"w":1,"h":1,"x2":0,"y2":0,"w2":0,"h2":0,"t":"#8f0000","f":3,"c":"#ababab","a":7,"l":true},"row":8,"col":4,"keycodes":[{"id":"KC_SLSH","fields":[]},{"id":"KC_TRNS","fields":[]},{"id":"KC_TRNS","fields":[]},{"id":"KC_TRNS","fields":[]},{"id":"KC_TRNS","fields":[]},{"id":"KC_TRNS","fields":[]},{"id":"KC_TRNS","fields":[]},{"id":"KC_TRNS","fields":[]},{"id":"KC_TRNS","fields":[]},{"id":"KC_TRNS","fields":[]},{"id":"KC_TRNS","fields":[]},{"id":"KC_TRNS","fields":[]},{"id":"KC_TRNS","fields":[]},{"id":"KC_TRNS","fields":[]},{"id":"KC_TRNS","fields":[]},{"id":"KC_TRNS","fields":[]}]},{"id":90,"legend":"","state":{"x":12.75,"y":4.75,"r":0,"rx":0,"ry":0,"w":1.5,"h":1,"x2":0,"y2":0,"w2":0,"h2":0,"t":"#8f0000","f":3,"c":"#ababab","a":7,"l":true},"row":3,"col":2,"keycodes":[{"id":"KC_RSFT","fields":[]},{"id":"KC_TRNS","fields":[]},{"id":"KC_TRNS","fields":[]},{"id":"KC_TRNS","fields":[]},{"id":"KC_TRNS","fields":[]},{"id":"KC_TRNS","fields":[]},{"id":"KC_TRNS","fields":[]},{"id":"KC_TRNS","fields":[]},{"id":"KC_TRNS","fields":[]},{"id":"KC_TRNS","fields":[]},{"id":"KC_TRNS","fields":[]},{"id":"KC_TRNS","fields":[]},{"id":"KC_TRNS","fields":[]},{"id":"KC_TRNS","fields":[]},{"id":"KC_TRNS","fields":[]},{"id":"KC_TRNS","fields":[]}]},{"id":91,"legend":"","state":{"x":14.25,"y":4.75,"r":0,"rx":0,"ry":0,"w":1,"h":1,"x2":0,"y2":0,"w2":0,"h2":0,"t":"#8f0000","f":3,"c":"#ababab","a":7,"l":true},"row":8,"col":3,"keycodes":[{"id":"KC_SPC","fields":[]},{"id":"KC_TRNS","fields":[]},{"id":"KC_TRNS","fields":[]},{"id":"KC_TRNS","fields":[]},{"id":"KC_TRNS","fields":[]},{"id":"KC_TRNS","fields":[]},{"id":"KC_TRNS","fields":[]},{"id":"KC_TRNS","fields":[]},{"id":"KC_TRNS","fields":[]},{"id":"KC_TRNS","fields":[]},{"id":"KC_TRNS","fields":[]},{"id":"KC_TRNS","fields":[]},{"id":"KC_TRNS","fields":[]},{"id":"KC_TRNS","fields":[]},{"id":"KC_TRNS","fields":[]},{"id":"KC_TRNS","fields":[]}]},{"id":92,"legend":"","state":{"x":15.25,"y":4.75,"r":0,"rx":0,"ry":0,"w":1,"h":1,"x2":0,"y2":0,"w2":0,"h2":0,"t":"#8f0000","f":3,"c":"#cccccc","a":7,"l":true},"row":8,"col":2,"keycodes":[{"id":"KC_UP","fields":[]},{"id":"KC_TRNS","fields":[]},{"id":"KC_TRNS","fields":[]},{"id":"KC_TRNS","fields":[]},{"id":"KC_TRNS","fields":[]},{"id":"KC_TRNS","fields":[]},{"id":"KC_TRNS","fields":[]},{"id":"KC_TRNS","fields":[]},{"id":"KC_TRNS","fields":[]},{"id":"KC_TRNS","fields":[]},{"id":"KC_TRNS","fields":[]},{"id":"KC_TRNS","fields":[]},{"id":"KC_TRNS","fields":[]},{"id":"KC_TRNS","fields":[]},{"id":"KC_TRNS","fields":[]},{"id":"KC_TRNS","fields":[]}]},{"id":93,"legend":"","state":{"x":16.25,"y":4.75,"r":0,"rx":0,"ry":0,"w":1,"h":1,"x2":0,"y2":0,"w2":0,"h2":0,"t":"#8f0000","f":3,"c":"#cccccc","a":7,"l":true},"row":8,"col":0,"keycodes":[{"id":"KC_PGDN","fields":[]},{"id":"KC_TRNS","fields":[]},{"id":"KC_TRNS","fields":[]},{"id":"KC_TRNS","fields":[]},{"id":"KC_TRNS","fields":[]},{"id":"KC_TRNS","fields":[]},{"id":"KC_TRNS","fields":[]},{"id":"KC_TRNS","fields":[]},{"id":"KC_TRNS","fields":[]},{"id":"KC_TRNS","fields":[]},{"id":"KC_TRNS","fields":[]},{"id":"KC_TRNS","fields":[]},{"id":"KC_TRNS","fields":[]},{"id":"KC_TRNS","fields":[]},{"id":"KC_TRNS","fields":[]},{"id":"KC_TRNS","fields":[]}]},{"id":94,"legend":"","state":{"x":18,"y":4.75,"r":0,"rx":0,"ry":0,"w":1,"h":0.75,"x2":0,"y2":0,"w2":0,"h2":1,"t":"#8f0000","f":3,"c":"#ababab","a":7,"l":true},"row":5,"col":6,"keycodes":[{"id":"KC_P1","fields":[]},{"id":"KC_TRNS","fields":[]},{"id":"KC_TRNS","fields":[]},{"id":"KC_TRNS","fields":[]},{"id":"KC_TRNS","fields":[]},{"id":"KC_TRNS","fields":[]},{"id":"KC_TRNS","fields":[]},{"id":"KC_TRNS","fields":[]},{"id":"KC_TRNS","fields":[]},{"id":"KC_TRNS","fields":[]},{"id":"KC_TRNS","fields":[]},{"id":"KC_TRNS","fields":[]},{"id":"KC_TRNS","fields":[]},{"id":"KC_TRNS","fields":[]},{"id":"KC_TRNS","fields":[]},{"id":"KC_TRNS","fields":[]}]},{"id":95,"legend":"","state":{"x":19,"y":4.75,"r":0,"rx":0,"ry":0,"w":1,"h":0.75,"x2":0,"y2":0,"w2":0,"h2":1,"t":"#8f0000","f":3,"c":"#ababab","a":7,"l":true},"row":5,"col":7,"keycodes":[{"id":"KC_P2","fields":[]},{"id":"KC_TRNS","fields":[]},{"id":"KC_TRNS","fields":[]},{"id":"KC_TRNS","fields":[]},{"id":"KC_TRNS","fields":[]},{"id":"KC_TRNS","fields":[]},{"id":"KC_TRNS","fields":[]},{"id":"KC_TRNS","fields":[]},{"id":"KC_TRNS","fields":[]},{"id":"KC_TRNS","fields":[]},{"id":"KC_TRNS","fields":[]},{"id":"KC_TRNS","fields":[]},{"id":"KC_TRNS","fields":[]},{"id":"KC_TRNS","fields":[]},{"id":"KC_TRNS","fields":[]},{"id":"KC_TRNS","fields":[]}]},{"id":96,"legend":"","state":{"x":20,"y":4.75,"r":0,"rx":0,"ry":0,"w":1,"h":0.75,"x2":0,"y2":0,"w2":0,"h2":1,"t":"#8f0000","f":3,"c":"#ababab","a":7,"l":true},"row":5,"col":2,"keycodes":[{"id":"KC_P3","fields":[]},{"id":"KC_TRNS","fields":[]},{"id":"KC_TRNS","fields":[]},{"id":"KC_TRNS","fields":[]},{"id":"KC_TRNS","fields":[]},{"id":"KC_TRNS","fields":[]},{"id":"KC_TRNS","fields":[]},{"id":"KC_TRNS","fields":[]},{"id":"KC_TRNS","fields":[]},{"id":"KC_TRNS","fields":[]},{"id":"KC_TRNS","fields":[]},{"id":"KC_TRNS","fields":[]},{"id":"KC_TRNS","fields":[]},{"id":"KC_TRNS","fields":[]},{"id":"KC_TRNS","fields":[]},{"id":"KC_TRNS","fields":[]}]},{"id":97,"legend":"","state":{"x":21,"y":4.75,"r":0,"rx":0,"ry":0,"w":1,"h":1.75,"x2":0,"y2":0,"w2":0,"h2":2,"t":"#8f0000","f":3,"c":"#cccccc","a":7,"l":true},"row":5,"col":1,"keycodes":[{"id":"KC_PENT","fields":[]},{"id":"KC_TRNS","fields":[]},{"id":"KC_TRNS","fields":[]},{"id":"KC_TRNS","fields":[]},{"id":"KC_TRNS","fields":[]},{"id":"KC_TRNS","fields":[]},{"id":"KC_TRNS","fields":[]},{"id":"KC_TRNS","fields":[]},{"id":"KC_TRNS","fields":[]},{"id":"KC_TRNS","fields":[]},{"id":"KC_TRNS","fields":[]},{"id":"KC_TRNS","fields":[]},{"id":"KC_TRNS","fields":[]},{"id":"KC_TRNS","fields":[]},{"id":"KC_TRNS","fields":[]},{"id":"KC_TRNS","fields":[]}]},{"id":98,"legend":"","state":{"x":0.25,"y":5.75,"r":0,"rx":0,"ry":0,"w":1,"h":1,"x2":0,"y2":0,"w2":0,"h2":0,"t":"#8f0000","f":3,"c":"#cccccc","a":7,"l":true},"row":0,"col":2,"keycodes":[{"id":"KC_PSCR","fields":[]},{"id":"KC_TRNS","fields":[]},{"id":"KC_TRNS","fields":[]},{"id":"KC_TRNS","fields":[]},{"id":"KC_TRNS","fields":[]},{"id":"KC_TRNS","fields":[]},{"id":"KC_TRNS","fields":[]},{"id":"KC_TRNS","fields":[]},{"id":"KC_TRNS","fields":[]},{"id":"KC_TRNS","fields":[]},{"id":"KC_TRNS","fields":[]},{"id":"KC_TRNS","fields":[]},{"id":"KC_TRNS","fields":[]},{"id":"KC_TRNS","fields":[]},{"id":"KC_TRNS","fields":[]},{"id":"KC_TRNS","fields":[]}]},{"id":99,"legend":"","state":{"x":2.75,"y":5.75,"r":0,"rx":0,"ry":0,"w":1,"h":1,"x2":0,"y2":0,"w2":0,"h2":0,"t":"#8f0000","f":3,"c":"#ababab","a":7,"l":true},"row":7,"col":6,"keycodes":[{"id":"KC_LALT","fields":[]},{"id":"KC_TRNS","fields":[]},{"id":"KC_TRNS","fields":[]},{"id":"KC_TRNS","fields":[]},{"id":"KC_TRNS","fields":[]},{"id":"KC_TRNS","fields":[]},{"id":"KC_TRNS","fields":[]},{"id":"KC_TRNS","fields":[]},{"id":"KC_TRNS","fields":[]},{"id":"KC_TRNS","fields":[]},{"id":"KC_TRNS","fields":[]},{"id":"KC_TRNS","fields":[]},{"id":"KC_TRNS","fields":[]},{"id":"KC_TRNS","fields":[]},{"id":"KC_TRNS","fields":[]},{"id":"KC_TRNS","fields":[]}]},{"id":100,"legend":"","state":{"x":3.75,"y":5.75,"r":0,"rx":0,"ry":0,"w":8,"h":1,"x2":0,"y2":0,"w2":0,"h2":0,"t":"#8f0000","f":3,"c":"#ababab","a":7,"l":true},"row":7,"col":5,"keycodes":[{"id":"KC_SPC","fields":[]},{"id":"KC_TRNS","fields":[]},{"id":"KC_TRNS","fields":[]},{"id":"KC_TRNS","fields":[]},{"id":"KC_TRNS","fields":[]},{"id":"KC_TRNS","fields":[]},{"id":"KC_TRNS","fields":[]},{"id":"KC_TRNS","fields":[]},{"id":"KC_TRNS","fields":[]},{"id":"KC_TRNS","fields":[]},{"id":"KC_TRNS","fields":[]},{"id":"KC_TRNS","fields":[]},{"id":"KC_TRNS","fields":[]},{"id":"KC_TRNS","fields":[]},{"id":"KC_TRNS","fields":[]},{"id":"KC_TRNS","fields":[]}]},{"id":101,"legend":"","state":{"x":11.75,"y":5.75,"r":0,"rx":0,"ry":0,"w":1,"h":1,"x2":0,"y2":0,"w2":0,"h2":0,"t":"#8f0000","f":3,"c":"#ababab","a":7,"l":true},"row":7,"col":4,"keycodes":[{"id":"KC_RGUI","fields":[]},{"id":"KC_TRNS","fields":[]},{"id":"KC_TRNS","fields":[]},{"id":"KC_TRNS","fields":[]},{"id":"KC_TRNS","fields":[]},{"id":"KC_TRNS","fields":[]},{"id":"KC_TRNS","fields":[]},{"id":"KC_TRNS","fields":[]},{"id":"KC_TRNS","fields":[]},{"id":"KC_TRNS","fields":[]},{"id":"KC_TRNS","fields":[]},{"id":"KC_TRNS","fields":[]},{"id":"KC_TRNS","fields":[]},{"id":"KC_TRNS","fields":[]},{"id":"KC_TRNS","fields":[]},{"id":"KC_TRNS","fields":[]}]},{"id":102,"legend":"","state":{"x":14.25,"y":5.75,"r":0,"rx":0,"ry":0,"w":1,"h":1,"x2":0,"y2":0,"w2":0,"h2":0,"t":"#8f0000","f":3,"c":"#cccccc","a":7,"l":true},"row":7,"col":3,"keycodes":[{"id":"KC_LEFT","fields":[]},{"id":"KC_TRNS","fields":[]},{"id":"KC_TRNS","fields":[]},{"id":"KC_TRNS","fields":[]},{"id":"KC_TRNS","fields":[]},{"id":"KC_TRNS","fields":[]},{"id":"KC_TRNS","fields":[]},{"id":"KC_TRNS","fields":[]},{"id":"KC_TRNS","fields":[]},{"id":"KC_TRNS","fields":[]},{"id":"KC_TRNS","fields":[]},{"id":"KC_TRNS","fields":[]},{"id":"KC_TRNS","fields":[]},{"id":"KC_TRNS","fields":[]},{"id":"KC_TRNS","fields":[]},{"id":"KC_TRNS","fields":[]}]},{"id":103,"legend":"","state":{"x":15.25,"y":5.75,"r":0,"rx":0,"ry":0,"w":1,"h":1,"x2":0,"y2":0,"w2":0,"h2":0,"t":"#8f0000","f":3,"c":"#cccccc","a":7,"l":true},"row":7,"col":2,"keycodes":[{"id":"KC_DOWN","fields":[]},{"id":"KC_TRNS","fields":[]},{"id":"KC_TRNS","fields":[]},{"id":"KC_TRNS","fields":[]},{"id":"KC_TRNS","fields":[]},{"id":"KC_TRNS","fields":[]},{"id":"KC_TRNS","fields":[]},{"id":"KC_TRNS","fields":[]},{"id":"KC_TRNS","fields":[]},{"id":"KC_TRNS","fields":[]},{"id":"KC_TRNS","fields":[]},{"id":"KC_TRNS","fields":[]},{"id":"KC_TRNS","fields":[]},{"id":"KC_TRNS","fields":[]},{"id":"KC_TRNS","fields":[]},{"id":"KC_TRNS","fields":[]}]},{"id":104,"legend":"","state":{"x":16.25,"y":5.75,"r":0,"rx":0,"ry":0,"w":1,"h":1,"x2":0,"y2":0,"w2":0,"h2":0,"t":"#8f0000","f":3,"c":"#cccccc","a":7,"l":true},"row":7,"col":0,"keycodes":[{"id":"KC_RGHT","fields":[]},{"id":"KC_TRNS","fields":[]},{"id":"KC_TRNS","fields":[]},{"id":"KC_TRNS","fields":[]},{"id":"KC_TRNS","fields":[]},{"id":"KC_TRNS","fields":[]},{"id":"KC_TRNS","fields":[]},{"id":"KC_TRNS","fields":[]},{"id":"KC_TRNS","fields":[]},{"id":"KC_TRNS","fields":[]},{"id":"KC_TRNS","fields":[]},{"id":"KC_TRNS","fields":[]},{"id":"KC_TRNS","fields":[]},{"id":"KC_TRNS","fields":[]},{"id":"KC_TRNS","fields":[]},{"id":"KC_TRNS","fields":[]}]},{"id":105,"legend":"","state":{"x":18,"y":5.75,"r":0,"rx":0,"ry":0,"w":2,"h":0.75,"x2":0,"y2":0,"w2":0,"h2":1,"t":"#8f0000","f":3,"c":"#ababab","a":7,"l":true},"row":1,"col":6,"keycodes":[{"id":"KC_P0","fields":[]},{"id":"KC_TRNS","fields":[]},{"id":"KC_TRNS","fields":[]},{"id":"KC_TRNS","fields":[]},{"id":"KC_TRNS","fields":[]},{"id":"KC_TRNS","fields":[]},{"id":"KC_TRNS","fields":[]},{"id":"KC_TRNS","fields":[]},{"id":"KC_TRNS","fields":[]},{"id":"KC_TRNS","fields":[]},{"id":"KC_TRNS","fields":[]},{"id":"KC_TRNS","fields":[]},{"id":"KC_TRNS","fields":[]},{"id":"KC_TRNS","fields":[]},{"id":"KC_TRNS","fields":[]},{"id":"KC_TRNS","fields":[]}]},{"id":106,"legend":"","state":{"x":20,"y":5.75,"r":0,"rx":0,"ry":0,"w":1,"h":0.75,"x2":0,"y2":0,"w2":0,"h2":1,"t":"#8f0000","f":3,"c":"#cccccc","a":7,"l":true},"row":1,"col":2,"keycodes":[{"id":"KC_PDOT","fields":[]},{"id":"KC_TRNS","fields":[]},{"id":"KC_TRNS","fields":[]},{"id":"KC_TRNS","fields":[]},{"id":"KC_TRNS","fields":[]},{"id":"KC_TRNS","fields":[]},{"id":"KC_TRNS","fields":[]},{"id":"KC_TRNS","fields":[]},{"id":"KC_TRNS","fields":[]},{"id":"KC_TRNS","fields":[]},{"id":"KC_TRNS","fields":[]},{"id":"KC_TRNS","fields":[]},{"id":"KC_TRNS","fields":[]},{"id":"KC_TRNS","fields":[]},{"id":"KC_TRNS","fields":[]},{"id":"KC_TRNS","fields":[]}]}],"controller":1,"bounds":{"min":{"x":0,"y":0},"max":{"x":21.75,"y":6.75}},"rows":14,"cols":8,"pins":{"row":["B1","B2","B0","D2","D1","D0","D3","D4","C6","D7","E6","B4","B5","B6"],"col":["F7","C7","F6","F5","F4","F1","F0","B3"],"num":null,"caps":"D6","scroll":null,"compose":null,"kana":null,"led":null,"rgb":null},"macros":{},"quantum":"void matrix_init_user(void) {\n}\n\nvoid matrix_scan_user(void) {\n}\n\nbool process_record_user(uint16_t keycode, keyrecord_t *record) {\n\treturn true;\n}","settings":{"diodeDirection":1,"name":"Hewlett Packard 46010A","bootloaderSize":2,"rgbNum":0,"backlightLevels":3}}}